"asset_id","parent_asset_id","asset_name","asset_class","asset_type","workstream","solution_block","product_family","product_models","production_stage","buyer_personas","buyer_problem","funnel_stage","channel","content_format","objective","key_message_or_function","primary_cta","route_or_destination","cadence","quantity","scope_treatment","mvp_required","priority","content_status","design_status","build_status","technical_validation_status","approval_status","owner","dependencies","source_refs","tags","notes"
"FA-0001","","Puretronics workspace parent and repository navigation index","source-asset","source-record","governance","not-applicable","not-applicable","not-applicable","not-applicable","internal-operations","not-applicable","internal-operations","internal-operations","reference-record","Preserve an existing source asset with implementation traceability.","Existing source input; not a new buyer-facing deliverable.","not-applicable","master-implementation-backlog","not-applicable","1","governance","yes","critical","approved","not-applicable","not-applicable","not-required","not-applicable","unassigned","not-applicable","README.md# Source Of Truth Rules;data/notion-export/taxonomy-migration/2026-07-30/post-cutover/puretronics-main-page.json","asset-class-source-asset;channel-internal-operations;format-reference-record;funnel-internal-operations;persona-internal-operations;problem-not-applicable;product-family-not-applicable;readiness-approved;recurrence-not-applicable;scope-governance;solution-not-applicable;stage-not-applicable;validation-technical-not-required;workstream-governance","Core Notion asset 1 of 10. Navigation authority only."
"FA-0002","","Input files — Wire and Cable Industry product portfolio index","source-asset","source-record","source-intelligence","not-applicable","not-applicable","not-applicable","not-applicable","internal-operations","not-applicable","internal-operations","internal-operations","reference-record","Preserve an existing source asset with implementation traceability.","Existing source input; not a new buyer-facing deliverable.","not-applicable","master-implementation-backlog","not-applicable","1","governance","no","high","approved","not-applicable","not-applicable","not-required","not-applicable","unassigned","not-applicable","docs/04-source-archive/input-files-index.md;data/notion-export/taxonomy-migration/2026-07-30/post-cutover/input-files-index.json","asset-class-source-asset;channel-internal-operations;format-reference-record;funnel-internal-operations;persona-internal-operations;problem-not-applicable;product-family-not-applicable;readiness-approved;recurrence-not-applicable;scope-governance;solution-not-applicable;stage-not-applicable;validation-technical-not-required;workstream-source-intelligence","Core Notion asset 2 of 10. Historical source index."
"FA-0003","","Master Wire & Cable product portfolio and technical reference","source-asset","source-record","source-intelligence","not-applicable","not-applicable","not-applicable","not-applicable","internal-operations","not-applicable","internal-operations","internal-operations","reference-record","Preserve an existing source asset with implementation traceability.","Existing source input; not a new buyer-facing deliverable.","not-applicable","master-implementation-backlog","not-applicable","1","governance","no","high","approved","not-applicable","not-applicable","pending-puretronics-validation","not-applicable","unassigned","not-applicable","docs/03-product-intelligence/master-product-portfolio-technical-reference.md;data/notion-export/taxonomy-migration/2026-07-30/post-cutover/master-document.json","asset-class-source-asset;channel-internal-operations;format-reference-record;funnel-internal-operations;persona-internal-operations;problem-not-applicable;product-family-not-applicable;readiness-approved;recurrence-not-applicable;scope-governance;solution-not-applicable;stage-not-applicable;validation-technical-required;workstream-source-intelligence","Core Notion asset 3 of 10. Technical reference; normalized Markdown is a placeholder, so raw export governs."
"FA-0004","","Puretronics Wire & Cable Product Master Database","source-asset","source-record","source-intelligence","not-applicable","not-applicable","not-applicable","not-applicable","internal-operations","not-applicable","internal-operations","internal-operations","reference-record","Preserve an existing source asset with implementation traceability.","Existing source input; not a new buyer-facing deliverable.","not-applicable","master-implementation-backlog","not-applicable","1","governance","yes","critical","approved","not-applicable","not-applicable","pending-puretronics-validation","not-applicable","unassigned","not-applicable","data/product-master/rows.json;data/product-master/schema.json;data/product-master/views.json;data/notion-export/taxonomy-migration/2026-07-30/post-cutover/product-master-database.json","asset-class-source-asset;channel-internal-operations;format-reference-record;funnel-internal-operations;persona-internal-operations;problem-not-applicable;product-family-not-applicable;readiness-approved;recurrence-not-applicable;scope-governance;solution-not-applicable;stage-not-applicable;validation-technical-required;workstream-source-intelligence","Core Notion asset 4 of 10. Product-intelligence authority, not legal or commercial authority."
"FA-0005","","Puretronics Wire & Cable Product Intelligence Hub","source-asset","source-record","source-intelligence","not-applicable","not-applicable","not-applicable","not-applicable","internal-operations","not-applicable","internal-operations","internal-operations","reference-record","Preserve an existing source asset with implementation traceability.","Existing source input; not a new buyer-facing deliverable.","not-applicable","master-implementation-backlog","not-applicable","1","governance","no","high","approved","not-applicable","not-applicable","not-required","not-applicable","unassigned","not-applicable","docs/03-product-intelligence/product-intelligence-hub.md;data/notion-export/taxonomy-migration/2026-07-30/post-cutover/product-intelligence-hub.json","asset-class-source-asset;channel-internal-operations;format-reference-record;funnel-internal-operations;persona-internal-operations;problem-not-applicable;product-family-not-applicable;readiness-approved;recurrence-not-applicable;scope-governance;solution-not-applicable;stage-not-applicable;validation-technical-not-required;workstream-source-intelligence","Core Notion asset 5 of 10. Operating guide."
"FA-0006","","Master user guide — Product Master Database","source-asset","source-record","source-intelligence","not-applicable","not-applicable","not-applicable","not-applicable","internal-operations","not-applicable","internal-operations","internal-operations","reference-record","Preserve an existing source asset with implementation traceability.","Existing source input; not a new buyer-facing deliverable.","not-applicable","master-implementation-backlog","not-applicable","1","governance","no","high","approved","not-applicable","not-applicable","not-required","not-applicable","unassigned","not-applicable","docs/03-product-intelligence/master-user-guide-product-database.md;data/notion-export/taxonomy-migration/2026-07-30/post-cutover/master-user-guide.json","asset-class-source-asset;channel-internal-operations;format-reference-record;funnel-internal-operations;persona-internal-operations;problem-not-applicable;product-family-not-applicable;readiness-approved;recurrence-not-applicable;scope-governance;solution-not-applicable;stage-not-applicable;validation-technical-not-required;workstream-source-intelligence","Core Notion asset 6 of 10. Product-data operating guide."
"FA-0007","","Internal working copy — Annexure A funnel architecture","source-asset","source-record","governance","not-applicable","not-applicable","not-applicable","not-applicable","internal-operations","not-applicable","internal-operations","internal-operations","reference-record","Preserve an existing source asset with implementation traceability.","Existing source input; not a new buyer-facing deliverable.","not-applicable","master-implementation-backlog","not-applicable","1","excluded-reference-only","no","high","approved","not-applicable","not-applicable","not-required","not-applicable","unassigned","not-applicable","docs/01-funnel-architecture/internal-copy-annexure-a-funnel-architecture.md;data/notion-export/taxonomy-migration/2026-07-30/post-cutover/internal-copy-annexure-a.json","asset-class-source-asset;channel-internal-operations;format-reference-record;funnel-internal-operations;persona-internal-operations;problem-not-applicable;product-family-not-applicable;readiness-approved;recurrence-not-applicable;scope-excluded-reference-only;solution-not-applicable;stage-not-applicable;validation-technical-not-required;workstream-governance","Core Notion asset 7 of 10. Rich architecture input, but internal/future-expansion language does not override signed scope."
"FA-0008","","Annexure A — Funnel architecture","source-asset","source-record","governance","not-applicable","not-applicable","not-applicable","not-applicable","internal-operations","not-applicable","internal-operations","internal-operations","reference-record","Preserve an existing source asset with implementation traceability.","Existing source input; not a new buyer-facing deliverable.","not-applicable","master-implementation-backlog","not-applicable","1","governance","yes","critical","approved","not-applicable","not-applicable","not-required","not-applicable","unassigned","not-applicable","docs/01-funnel-architecture/annexure-a-funnel-architecture.md;data/notion-export/taxonomy-migration/2026-07-30/post-cutover/annexure-a.json","asset-class-source-asset;channel-internal-operations;format-reference-record;funnel-internal-operations;persona-internal-operations;problem-not-applicable;product-family-not-applicable;readiness-approved;recurrence-not-applicable;scope-governance;solution-not-applicable;stage-not-applicable;validation-technical-not-required;workstream-governance","Core Notion asset 8 of 10. Aligned funnel architecture reference."
"FA-0009","","Annexure B — Commercial structure and pricing","source-asset","source-record","governance","not-applicable","not-applicable","not-applicable","not-applicable","internal-operations","not-applicable","internal-operations","internal-operations","reference-record","Preserve an existing source asset with implementation traceability.","Existing source input; not a new buyer-facing deliverable.","not-applicable","master-implementation-backlog","not-applicable","1","governance","yes","critical","approved","not-applicable","not-applicable","not-required","not-applicable","unassigned","not-applicable","docs/02-commercial/annexure-b-commercial-structure-pricing.md;data/notion-export/taxonomy-migration/2026-07-30/post-cutover/annexure-b.json","asset-class-source-asset;channel-internal-operations;format-reference-record;funnel-internal-operations;persona-internal-operations;problem-not-applicable;product-family-not-applicable;readiness-approved;recurrence-not-applicable;scope-governance;solution-not-applicable;stage-not-applicable;validation-technical-not-required;workstream-governance","Core Notion asset 9 of 10. Aligned commercial reference; signed agreement wins on conflict."
"FA-0010","","Signed Services Agreement — Final signature copy","source-asset","source-record","governance","not-applicable","not-applicable","not-applicable","not-applicable","internal-operations","not-applicable","internal-operations","internal-operations","reference-record","Preserve an existing source asset with implementation traceability.","Existing source input; not a new buyer-facing deliverable.","not-applicable","master-implementation-backlog","not-applicable","1","governance","yes","critical","approved","not-applicable","not-applicable","not-required","not-applicable","unassigned","not-applicable","docs/00-governance/services-agreement-final-signature-copy.md;data/notion-export/raw-page-fetches/services-agreement-final-signature-copy.json","asset-class-source-asset;channel-internal-operations;format-reference-record;funnel-internal-operations;persona-internal-operations;problem-not-applicable;product-family-not-applicable;readiness-approved;recurrence-not-applicable;scope-governance;solution-not-applicable;stage-not-applicable;validation-technical-not-required;workstream-governance","Core Notion asset 10 of 10 and locked legal/commercial authority. Normalized Markdown is stale; exact raw response governs."
"FA-0011","","Laser Diameter Gauge raw source folder","source-asset","source-record","source-intelligence","inline-measurement-dimensional-control","inline-measurement-dimensional-control","not-applicable","online-measurement","internal-operations","not-applicable","internal-operations","internal-operations","reference-record","Preserve an existing source asset with implementation traceability.","Existing source input; not a new buyer-facing deliverable.","not-applicable","master-implementation-backlog","not-applicable","1","signed-primary","no","high","approved","not-applicable","not-applicable","pending-puretronics-validation","not-applicable","unassigned","not-applicable","data/notion-export/raw-page-fetches/laser-diameter-gauge.json","asset-class-source-asset;channel-internal-operations;format-reference-record;funnel-internal-operations;persona-internal-operations;problem-not-applicable;product-family-inline-measurement-dimensional-control;readiness-approved;recurrence-not-applicable;scope-signed-primary;solution-inline-measurement-dimensional-control;stage-online-measurement;validation-technical-required;workstream-source-intelligence","Relevant raw child-page input from the 14-page source set. Technical claims require Puretronics validation before use."
"FA-0012","","Static Powder Applicator raw source folder","source-asset","source-record","source-intelligence","process-equipment-line-auxiliaries","process-equipment-line-auxiliaries","not-applicable","powdering-talc-application","internal-operations","not-applicable","internal-operations","internal-operations","reference-record","Preserve an existing source asset with implementation traceability.","Existing source input; not a new buyer-facing deliverable.","not-applicable","master-implementation-backlog","not-applicable","1","signed-primary","no","high","approved","not-applicable","not-applicable","pending-puretronics-validation","not-applicable","unassigned","not-applicable","data/notion-export/raw-page-fetches/static-powder-applicator.json","asset-class-source-asset;channel-internal-operations;format-reference-record;funnel-internal-operations;persona-internal-operations;problem-not-applicable;product-family-process-equipment-line-auxiliaries;readiness-approved;recurrence-not-applicable;scope-signed-primary;solution-process-equipment-line-auxiliaries;stage-powdering-talc-application;validation-technical-required;workstream-source-intelligence","Relevant raw child-page input from the 14-page source set. Technical claims require Puretronics validation before use."
"FA-0013","","Butt Welding Machine raw source page","source-asset","source-record","source-intelligence","process-equipment-line-auxiliaries","process-equipment-line-auxiliaries","not-applicable","joining-butt-welding","internal-operations","not-applicable","internal-operations","internal-operations","reference-record","Preserve an existing source asset with implementation traceability.","Existing source input; not a new buyer-facing deliverable.","not-applicable","master-implementation-backlog","not-applicable","1","signed-primary","no","high","approved","not-applicable","not-applicable","pending-puretronics-validation","not-applicable","unassigned","not-applicable","data/notion-export/raw-page-fetches/butt-welding-machine.json","asset-class-source-asset;channel-internal-operations;format-reference-record;funnel-internal-operations;persona-internal-operations;problem-not-applicable;product-family-process-equipment-line-auxiliaries;readiness-approved;recurrence-not-applicable;scope-signed-primary;solution-process-equipment-line-auxiliaries;stage-joining-butt-welding;validation-technical-required;workstream-source-intelligence","Relevant raw child-page input from the 14-page source set. Technical claims require Puretronics validation before use."
"FA-0014","","Fire Resistance Cable Testing System raw source page","source-asset","source-record","source-intelligence","cable-testing-validation","cable-testing-validation","not-applicable","fire-compliance-testing","internal-operations","not-applicable","internal-operations","internal-operations","reference-record","Preserve an existing source asset with implementation traceability.","Existing source input; not a new buyer-facing deliverable.","not-applicable","master-implementation-backlog","not-applicable","1","signed-primary","no","high","approved","not-applicable","not-applicable","pending-puretronics-validation","not-applicable","unassigned","not-applicable","data/notion-export/raw-page-fetches/fire-resistance-cable-testing-system.json","asset-class-source-asset;channel-internal-operations;format-reference-record;funnel-internal-operations;persona-internal-operations;problem-not-applicable;product-family-cable-testing-validation;readiness-approved;recurrence-not-applicable;scope-signed-primary;solution-cable-testing-validation;stage-fire-compliance-testing;validation-technical-required;workstream-source-intelligence","Relevant raw child-page input from the 14-page source set. Technical claims require Puretronics validation before use."
"FA-0015","","Inline Induction Wire Preheater raw source page","source-asset","source-record","source-intelligence","process-equipment-line-auxiliaries","process-equipment-line-auxiliaries","not-applicable","pre-extrusion-preheating","internal-operations","not-applicable","internal-operations","internal-operations","reference-record","Preserve an existing source asset with implementation traceability.","Existing source input; not a new buyer-facing deliverable.","not-applicable","master-implementation-backlog","not-applicable","1","signed-primary","no","high","approved","not-applicable","not-applicable","pending-puretronics-validation","not-applicable","unassigned","not-applicable","data/notion-export/raw-page-fetches/inline-induction-wire-preheater.json","asset-class-source-asset;channel-internal-operations;format-reference-record;funnel-internal-operations;persona-internal-operations;problem-not-applicable;product-family-process-equipment-line-auxiliaries;readiness-approved;recurrence-not-applicable;scope-signed-primary;solution-process-equipment-line-auxiliaries;stage-pre-extrusion-preheating;validation-technical-required;workstream-source-intelligence","Relevant raw child-page input from the 14-page source set. Technical claims require Puretronics validation before use."
"FA-0016","","Loadcell raw source page","source-asset","source-record","source-intelligence","tension-braking-line-control","tension-braking-line-control","not-applicable","tension-braking-control","internal-operations","not-applicable","internal-operations","internal-operations","reference-record","Preserve an existing source asset with implementation traceability.","Existing source input; not a new buyer-facing deliverable.","not-applicable","master-implementation-backlog","not-applicable","1","signed-primary","no","high","approved","not-applicable","not-applicable","pending-puretronics-validation","not-applicable","unassigned","not-applicable","data/notion-export/raw-page-fetches/loadcell.json","asset-class-source-asset;channel-internal-operations;format-reference-record;funnel-internal-operations;persona-internal-operations;problem-not-applicable;product-family-tension-braking-line-control;readiness-approved;recurrence-not-applicable;scope-signed-primary;solution-tension-braking-line-control;stage-tension-braking-control;validation-technical-required;workstream-source-intelligence","Relevant raw child-page input from the 14-page source set. Technical claims require Puretronics validation before use."
"FA-0017","","LTC-PRO raw source page","source-asset","source-record","source-intelligence","tension-braking-line-control","tension-braking-line-control","not-applicable","tension-braking-control","internal-operations","not-applicable","internal-operations","internal-operations","reference-record","Preserve an existing source asset with implementation traceability.","Existing source input; not a new buyer-facing deliverable.","not-applicable","master-implementation-backlog","not-applicable","1","signed-primary","no","high","approved","not-applicable","not-applicable","pending-puretronics-validation","not-applicable","unassigned","not-applicable","data/notion-export/raw-page-fetches/ltc-pro.json","asset-class-source-asset;channel-internal-operations;format-reference-record;funnel-internal-operations;persona-internal-operations;problem-not-applicable;product-family-tension-braking-line-control;readiness-approved;recurrence-not-applicable;scope-signed-primary;solution-tension-braking-line-control;stage-tension-braking-control;validation-technical-required;workstream-source-intelligence","Relevant raw child-page input from the 14-page source set. Technical claims require Puretronics validation before use."
"FA-0018","","Pneumatic Brake raw source page","source-asset","source-record","source-intelligence","tension-braking-line-control","tension-braking-line-control","not-applicable","pay-off-unwind","internal-operations","not-applicable","internal-operations","internal-operations","reference-record","Preserve an existing source asset with implementation traceability.","Existing source input; not a new buyer-facing deliverable.","not-applicable","master-implementation-backlog","not-applicable","1","signed-primary","no","high","approved","not-applicable","not-applicable","pending-puretronics-validation","not-applicable","unassigned","not-applicable","data/notion-export/raw-page-fetches/pneumatic-brake.json","asset-class-source-asset;channel-internal-operations;format-reference-record;funnel-internal-operations;persona-internal-operations;problem-not-applicable;product-family-tension-braking-line-control;readiness-approved;recurrence-not-applicable;scope-signed-primary;solution-tension-braking-line-control;stage-pay-off-unwind;validation-technical-required;workstream-source-intelligence","Relevant raw child-page input from the 14-page source set. Technical claims require Puretronics validation before use."
"FA-0019","","Spark Tester with IoT Accessories raw source page","source-asset","source-record","source-intelligence","inline-spark-testing-insulation-fault-detection","inline-spark-testing-insulation-fault-detection","not-applicable","spark-fault-inspection","internal-operations","not-applicable","internal-operations","internal-operations","reference-record","Preserve an existing source asset with implementation traceability.","Existing source input; not a new buyer-facing deliverable.","not-applicable","master-implementation-backlog","not-applicable","1","signed-primary","no","high","approved","not-applicable","not-applicable","pending-puretronics-validation","not-applicable","unassigned","not-applicable","data/notion-export/raw-page-fetches/spark-tester-with-iot-accessories.json","asset-class-source-asset;channel-internal-operations;format-reference-record;funnel-internal-operations;persona-internal-operations;problem-not-applicable;product-family-inline-spark-testing-insulation-fault-detection;readiness-approved;recurrence-not-applicable;scope-signed-primary;solution-inline-spark-testing-insulation-fault-detection;stage-spark-fault-inspection;validation-technical-required;workstream-source-intelligence","Relevant raw child-page input from the 14-page source set. Technical claims require Puretronics validation before use."
"FA-0020","","Spark Tester raw source page","source-asset","source-record","source-intelligence","inline-spark-testing-insulation-fault-detection","inline-spark-testing-insulation-fault-detection","not-applicable","spark-fault-inspection","internal-operations","not-applicable","internal-operations","internal-operations","reference-record","Preserve an existing source asset with implementation traceability.","Existing source input; not a new buyer-facing deliverable.","not-applicable","master-implementation-backlog","not-applicable","1","signed-primary","no","high","approved","not-applicable","not-applicable","pending-puretronics-validation","not-applicable","unassigned","not-applicable","data/notion-export/raw-page-fetches/spark-tester.json","asset-class-source-asset;channel-internal-operations;format-reference-record;funnel-internal-operations;persona-internal-operations;problem-not-applicable;product-family-inline-spark-testing-insulation-fault-detection;readiness-approved;recurrence-not-applicable;scope-signed-primary;solution-inline-spark-testing-insulation-fault-detection;stage-spark-fault-inspection;validation-technical-required;workstream-source-intelligence","Relevant raw child-page input from the 14-page source set. Technical claims require Puretronics validation before use."
"FA-0021","","Spark Tester Sensitivity Calibrator raw source page","source-asset","source-record","source-intelligence","inline-spark-testing-insulation-fault-detection","inline-spark-testing-insulation-fault-detection","not-applicable","calibration-support","internal-operations","not-applicable","internal-operations","internal-operations","reference-record","Preserve an existing source asset with implementation traceability.","Existing source input; not a new buyer-facing deliverable.","not-applicable","master-implementation-backlog","not-applicable","1","signed-primary","no","high","approved","not-applicable","not-applicable","pending-puretronics-validation","not-applicable","unassigned","not-applicable","data/notion-export/raw-page-fetches/spark-tester-sensitivity-calibrator.json","asset-class-source-asset;channel-internal-operations;format-reference-record;funnel-internal-operations;persona-internal-operations;problem-not-applicable;product-family-inline-spark-testing-insulation-fault-detection;readiness-approved;recurrence-not-applicable;scope-signed-primary;solution-inline-spark-testing-insulation-fault-detection;stage-calibration-support;validation-technical-required;workstream-source-intelligence","Relevant raw child-page input from the 14-page source set. Technical claims require Puretronics validation before use."
"FA-0022","","Wire & Cable Brochure raw source page","source-asset","source-record","source-intelligence","cross-family","cross-family","not-applicable","cross-stage","internal-operations","not-applicable","internal-operations","internal-operations","reference-record","Preserve an existing source asset with implementation traceability.","Existing source input; not a new buyer-facing deliverable.","not-applicable","master-implementation-backlog","not-applicable","1","signed-primary","no","high","approved","not-applicable","not-applicable","pending-puretronics-validation","not-applicable","unassigned","not-applicable","data/notion-export/raw-page-fetches/wire-cable-brochure.json","asset-class-source-asset;channel-internal-operations;format-reference-record;funnel-internal-operations;persona-internal-operations;problem-not-applicable;product-family-cross-family;readiness-approved;recurrence-not-applicable;scope-signed-primary;solution-cross-family;stage-cross-stage;validation-technical-required;workstream-source-intelligence","Relevant raw child-page input from the 14-page source set. Technical claims require Puretronics validation before use."
"FA-0023","","Wire Tension Indicator raw source page","source-asset","source-record","source-intelligence","tension-braking-line-control","tension-braking-line-control","not-applicable","tension-braking-control","internal-operations","not-applicable","internal-operations","internal-operations","reference-record","Preserve an existing source asset with implementation traceability.","Existing source input; not a new buyer-facing deliverable.","not-applicable","master-implementation-backlog","not-applicable","1","signed-primary","no","high","approved","not-applicable","not-applicable","pending-puretronics-validation","not-applicable","unassigned","not-applicable","data/notion-export/raw-page-fetches/wire-tension-indicator.json","asset-class-source-asset;channel-internal-operations;format-reference-record;funnel-internal-operations;persona-internal-operations;problem-not-applicable;product-family-tension-braking-line-control;readiness-approved;recurrence-not-applicable;scope-signed-primary;solution-tension-braking-line-control;stage-tension-braking-control;validation-technical-required;workstream-source-intelligence","Relevant raw child-page input from the 14-page source set. Technical claims require Puretronics validation before use."
"FA-0024","","Wire Tension Indicator with IoT raw source page","source-asset","source-record","source-intelligence","tension-braking-line-control","tension-braking-line-control","not-applicable","data-reporting-layer","internal-operations","not-applicable","internal-operations","internal-operations","reference-record","Preserve an existing source asset with implementation traceability.","Existing source input; not a new buyer-facing deliverable.","not-applicable","master-implementation-backlog","not-applicable","1","signed-primary","no","high","approved","not-applicable","not-applicable","pending-puretronics-validation","not-applicable","unassigned","not-applicable","data/notion-export/raw-page-fetches/wire-tension-indicator-with-iot.json","asset-class-source-asset;channel-internal-operations;format-reference-record;funnel-internal-operations;persona-internal-operations;problem-not-applicable;product-family-tension-braking-line-control;readiness-approved;recurrence-not-applicable;scope-signed-primary;solution-tension-braking-line-control;stage-data-reporting-layer;validation-technical-required;workstream-source-intelligence","Relevant raw child-page input from the 14-page source set. Technical claims require Puretronics validation before use."
"FA-0025","","Product Master record — Wire Tension Indicator WTI-100-40","source-asset","product-intelligence-record","source-intelligence","tension-braking-line-control","tension-braking-line-control","Wire Tension Indicator WTI-100-40","tension-and-braking-control","production-manager;maintenance-head;automation-engineer;plant-head;sales-engineer","tension-instability","awareness;consideration;technical-evaluation;commercial-discussion;retention-expansion","internal-operations","reference-record","Preserve an existing source asset with implementation traceability.","Existing source input; not a new buyer-facing deliverable.","not-applicable","master-implementation-backlog","not-applicable","1","signed-primary","no","medium","approved","not-applicable","not-applicable","pending-puretronics-validation","not-applicable","unassigned","not-applicable","data/product-master/rows.json# Wire Tension Indicator WTI-100-40","asset-class-source-asset;channel-internal-operations;format-reference-record;funnel-awareness;funnel-commercial-discussion;funnel-consideration;funnel-retention-expansion;funnel-technical-evaluation;persona-automation-engineer;persona-maintenance-head;persona-plant-head;persona-production-manager;persona-sales-engineer;problem-tension-instability;product-family-tension-braking-line-control;product-model-wire-tension-indicator-wti-100-40;readiness-approved;recurrence-not-applicable;scope-signed-primary;solution-tension-braking-line-control;stage-tension-and-braking-control;validation-technical-required;workstream-source-intelligence","Existing Product Master row. Spec confidence: Variant-Dependent. Mapped to a grouped funnel or proof context."
"FA-0026","","Product Master record — Spark Tester IoT Stage 1 Fault Interface","source-asset","support-context-record","source-intelligence","inline-spark-testing-insulation-fault-detection","inline-spark-testing-insulation-fault-detection","Spark Tester IoT Stage 1 Fault Interface","data-reporting-layer","qa-qc-head;automation-engineer;production-manager;sales-engineer","insulation-faults","consideration;technical-evaluation;commercial-discussion;retention-expansion","internal-operations","reference-record","Preserve an existing source asset with implementation traceability.","Existing source input; not a new buyer-facing deliverable.","not-applicable","master-implementation-backlog","not-applicable","1","covered-support","no","medium","approved","not-applicable","not-applicable","pending-puretronics-validation","not-applicable","unassigned","not-applicable","data/product-master/rows.json# Spark Tester IoT Stage 1 Fault Interface","asset-class-source-asset;channel-internal-operations;format-reference-record;funnel-commercial-discussion;funnel-consideration;funnel-retention-expansion;funnel-technical-evaluation;persona-automation-engineer;persona-production-manager;persona-qa-qc-head;persona-sales-engineer;problem-insulation-faults;product-family-inline-spark-testing-insulation-fault-detection;product-model-spark-tester-iot-stage-1-fault-interface;readiness-approved;recurrence-not-applicable;scope-covered-support;solution-inline-spark-testing-insulation-fault-detection;stage-data-reporting-layer;validation-technical-required;workstream-source-intelligence","Existing Product Master row. Spec confidence: Source-Limited. Support context only; never a standalone deliverable."
"FA-0027","","Product Master record — Inline Induction Wire Preheater - 1000 m/min","source-asset","product-intelligence-record","source-intelligence","process-equipment-line-auxiliaries","process-equipment-line-auxiliaries","Inline Induction Wire Preheater - 1000 m/min","pre-extrusion-preheating","production-manager;plant-head;maintenance-head;automation-engineer;sales-engineer","conductor-preheating","awareness;consideration;technical-evaluation;commercial-discussion;retention-expansion","internal-operations","reference-record","Preserve an existing source asset with implementation traceability.","Existing source input; not a new buyer-facing deliverable.","not-applicable","master-implementation-backlog","not-applicable","1","signed-primary","no","medium","approved","not-applicable","not-applicable","pending-puretronics-validation","not-applicable","unassigned","not-applicable","data/product-master/rows.json# Inline Induction Wire Preheater - 1000 m/min","asset-class-source-asset;channel-internal-operations;format-reference-record;funnel-awareness;funnel-commercial-discussion;funnel-consideration;funnel-retention-expansion;funnel-technical-evaluation;persona-automation-engineer;persona-maintenance-head;persona-plant-head;persona-production-manager;persona-sales-engineer;problem-conductor-preheating;product-family-process-equipment-line-auxiliaries;product-model-inline-induction-wire-preheater-1000-m-min;readiness-approved;recurrence-not-applicable;scope-signed-primary;solution-process-equipment-line-auxiliaries;stage-pre-extrusion-preheating;validation-technical-required;workstream-source-intelligence","Existing Product Master row. Spec confidence: Variant-Dependent. Mapped to a grouped funnel or proof context."
"FA-0028","","Product Master record — AX-500 Pneumatic Brake","source-asset","product-intelligence-record","source-intelligence","tension-braking-line-control","tension-braking-line-control","AX-500 Pneumatic Brake","tension-and-braking-control","plant-head;production-manager;maintenance-head;automation-engineer;sales-engineer","braking-control","consideration;technical-evaluation;commercial-discussion;retention-expansion","internal-operations","reference-record","Preserve an existing source asset with implementation traceability.","Existing source input; not a new buyer-facing deliverable.","not-applicable","master-implementation-backlog","not-applicable","1","signed-primary","no","medium","approved","not-applicable","not-applicable","pending-puretronics-validation","not-applicable","unassigned","not-applicable","data/product-master/rows.json# AX-500 Pneumatic Brake","asset-class-source-asset;channel-internal-operations;format-reference-record;funnel-commercial-discussion;funnel-consideration;funnel-retention-expansion;funnel-technical-evaluation;persona-automation-engineer;persona-maintenance-head;persona-plant-head;persona-production-manager;persona-sales-engineer;problem-braking-control;product-family-tension-braking-line-control;product-model-ax-500-pneumatic-brake;readiness-approved;recurrence-not-applicable;scope-signed-primary;solution-tension-braking-line-control;stage-tension-and-braking-control;validation-technical-required;workstream-source-intelligence","Existing Product Master row. Spec confidence: Variant-Dependent. Mapped to a grouped funnel or proof context."
"FA-0029","","Product Master record — LASER-2030","source-asset","product-intelligence-record","source-intelligence","inline-measurement-dimensional-control","inline-measurement-dimensional-control","LASER-2030","online-measurement","production-manager;qa-qc-head;automation-engineer;rd-technical-team;sales-engineer","diameter-variation","awareness;consideration;technical-evaluation;commercial-discussion","internal-operations","reference-record","Preserve an existing source asset with implementation traceability.","Existing source input; not a new buyer-facing deliverable.","not-applicable","master-implementation-backlog","not-applicable","1","signed-primary","no","medium","approved","not-applicable","not-applicable","pending-puretronics-validation","not-applicable","unassigned","not-applicable","data/product-master/rows.json# LASER-2030","asset-class-source-asset;channel-internal-operations;format-reference-record;funnel-awareness;funnel-commercial-discussion;funnel-consideration;funnel-technical-evaluation;persona-automation-engineer;persona-production-manager;persona-qa-qc-head;persona-rd-technical-team;persona-sales-engineer;problem-diameter-variation;product-family-inline-measurement-dimensional-control;product-model-laser-2030;readiness-approved;recurrence-not-applicable;scope-signed-primary;solution-inline-measurement-dimensional-control;stage-online-measurement;validation-technical-required;workstream-source-intelligence","Existing Product Master row. Spec confidence: Complete Source-Backed. Mapped to a grouped funnel or proof context."
"FA-0030","","Product Master record — AC HV Tester","source-asset","product-intelligence-record","source-intelligence","cable-testing-validation","cable-testing-validation","AC HV Tester","offline-hv-testing","qa-qc-head;maintenance-head;production-manager;rd-technical-team;sales-engineer","hv-validation","consideration;technical-evaluation;commercial-discussion","internal-operations","reference-record","Preserve an existing source asset with implementation traceability.","Existing source input; not a new buyer-facing deliverable.","not-applicable","master-implementation-backlog","not-applicable","1","signed-primary","no","medium","approved","not-applicable","not-applicable","pending-puretronics-validation","not-applicable","unassigned","not-applicable","data/product-master/rows.json# AC HV Tester","asset-class-source-asset;channel-internal-operations;format-reference-record;funnel-commercial-discussion;funnel-consideration;funnel-technical-evaluation;persona-maintenance-head;persona-production-manager;persona-qa-qc-head;persona-rd-technical-team;persona-sales-engineer;problem-hv-validation;product-family-cable-testing-validation;product-model-ac-hv-tester;readiness-approved;recurrence-not-applicable;scope-signed-primary;solution-cable-testing-validation;stage-offline-hv-testing;validation-technical-required;workstream-source-intelligence","Existing Product Master row. Spec confidence: Variant-Dependent. Mapped to a grouped funnel or proof context."
"FA-0031","","Product Master record — LSP-G2 Static Powder Applicator","source-asset","product-intelligence-record","source-intelligence","process-equipment-line-auxiliaries","process-equipment-line-auxiliaries","LSP-G2 Static Powder Applicator","powdering-talc-application","plant-head;production-manager;maintenance-head;automation-engineer;sales-engineer","powder-adhesion","awareness;consideration;technical-evaluation;commercial-discussion;retention-expansion","internal-operations","reference-record","Preserve an existing source asset with implementation traceability.","Existing source input; not a new buyer-facing deliverable.","not-applicable","master-implementation-backlog","not-applicable","1","signed-primary","no","high","approved","not-applicable","not-applicable","pending-puretronics-validation","not-applicable","unassigned","not-applicable","data/product-master/rows.json# LSP-G2 Static Powder Applicator","asset-class-source-asset;channel-internal-operations;format-reference-record;funnel-awareness;funnel-commercial-discussion;funnel-consideration;funnel-retention-expansion;funnel-technical-evaluation;persona-automation-engineer;persona-maintenance-head;persona-plant-head;persona-production-manager;persona-sales-engineer;problem-powder-adhesion;product-family-process-equipment-line-auxiliaries;product-model-lsp-g2-static-powder-applicator;readiness-approved;recurrence-not-applicable;scope-signed-primary;solution-process-equipment-line-auxiliaries;stage-powdering-talc-application;validation-technical-required;workstream-source-intelligence","Existing Product Master row. Spec confidence: Complete Source-Backed. Mapped to a grouped funnel or proof context."
"FA-0032","","Product Master record — LASER-2060","source-asset","product-intelligence-record","source-intelligence","inline-measurement-dimensional-control","inline-measurement-dimensional-control","LASER-2060","online-measurement","production-manager;qa-qc-head;automation-engineer;rd-technical-team;sales-engineer","diameter-variation","awareness;consideration;technical-evaluation;commercial-discussion","internal-operations","reference-record","Preserve an existing source asset with implementation traceability.","Existing source input; not a new buyer-facing deliverable.","not-applicable","master-implementation-backlog","not-applicable","1","signed-primary","no","medium","approved","not-applicable","not-applicable","pending-puretronics-validation","not-applicable","unassigned","not-applicable","data/product-master/rows.json# LASER-2060","asset-class-source-asset;channel-internal-operations;format-reference-record;funnel-awareness;funnel-commercial-discussion;funnel-consideration;funnel-technical-evaluation;persona-automation-engineer;persona-production-manager;persona-qa-qc-head;persona-rd-technical-team;persona-sales-engineer;problem-diameter-variation;product-family-inline-measurement-dimensional-control;product-model-laser-2060;readiness-approved;recurrence-not-applicable;scope-signed-primary;solution-inline-measurement-dimensional-control;stage-online-measurement;validation-technical-required;workstream-source-intelligence","Existing Product Master row. Spec confidence: Complete Source-Backed. Mapped to a grouped funnel or proof context."
"FA-0033","","Product Master record — Butt Welding Machine","source-asset","product-intelligence-record","source-intelligence","process-equipment-line-auxiliaries","process-equipment-line-auxiliaries","Butt Welding Machine","joining-butt-welding","production-manager;maintenance-head;purchase-procurement;sales-engineer","welding-splicing","consideration;technical-evaluation;commercial-discussion","internal-operations","reference-record","Preserve an existing source asset with implementation traceability.","Existing source input; not a new buyer-facing deliverable.","not-applicable","master-implementation-backlog","not-applicable","1","signed-primary","no","medium","approved","not-applicable","not-applicable","pending-puretronics-validation","not-applicable","unassigned","not-applicable","data/product-master/rows.json# Butt Welding Machine","asset-class-source-asset;channel-internal-operations;format-reference-record;funnel-commercial-discussion;funnel-consideration;funnel-technical-evaluation;persona-maintenance-head;persona-production-manager;persona-purchase-procurement;persona-sales-engineer;problem-welding-splicing;product-family-process-equipment-line-auxiliaries;product-model-butt-welding-machine;readiness-approved;recurrence-not-applicable;scope-signed-primary;solution-process-equipment-line-auxiliaries;stage-joining-butt-welding;validation-technical-required;workstream-source-intelligence","Existing Product Master row. Spec confidence: Complete Source-Backed. Mapped to a grouped funnel or proof context."
"FA-0034","","Product Master record — Loadcell AR-85 Series","source-asset","product-intelligence-record","source-intelligence","tension-braking-line-control","tension-braking-line-control","Loadcell AR-85 Series","tension-and-braking-control","automation-engineer;maintenance-head;production-manager;sales-engineer","tension-instability","consideration;technical-evaluation;commercial-discussion;retention-expansion","internal-operations","reference-record","Preserve an existing source asset with implementation traceability.","Existing source input; not a new buyer-facing deliverable.","not-applicable","master-implementation-backlog","not-applicable","1","signed-primary","no","medium","approved","not-applicable","not-applicable","pending-puretronics-validation","not-applicable","unassigned","not-applicable","data/product-master/rows.json# Loadcell AR-85 Series","asset-class-source-asset;channel-internal-operations;format-reference-record;funnel-commercial-discussion;funnel-consideration;funnel-retention-expansion;funnel-technical-evaluation;persona-automation-engineer;persona-maintenance-head;persona-production-manager;persona-sales-engineer;problem-tension-instability;product-family-tension-braking-line-control;product-model-loadcell-ar-85-series;readiness-approved;recurrence-not-applicable;scope-signed-primary;solution-tension-braking-line-control;stage-tension-and-braking-control;validation-technical-required;workstream-source-intelligence","Existing Product Master row. Spec confidence: Variant-Dependent. Mapped to a grouped funnel or proof context."
"FA-0035","","Product Master record — Inline Induction Wire Preheater - 1500 m/min","source-asset","product-intelligence-record","source-intelligence","process-equipment-line-auxiliaries","process-equipment-line-auxiliaries","Inline Induction Wire Preheater - 1500 m/min","pre-extrusion-preheating","production-manager;plant-head;maintenance-head;automation-engineer;sales-engineer","conductor-preheating","awareness;consideration;technical-evaluation;commercial-discussion;retention-expansion","internal-operations","reference-record","Preserve an existing source asset with implementation traceability.","Existing source input; not a new buyer-facing deliverable.","not-applicable","master-implementation-backlog","not-applicable","1","signed-primary","no","medium","approved","not-applicable","not-applicable","pending-puretronics-validation","not-applicable","unassigned","not-applicable","data/product-master/rows.json# Inline Induction Wire Preheater - 1500 m/min","asset-class-source-asset;channel-internal-operations;format-reference-record;funnel-awareness;funnel-commercial-discussion;funnel-consideration;funnel-retention-expansion;funnel-technical-evaluation;persona-automation-engineer;persona-maintenance-head;persona-plant-head;persona-production-manager;persona-sales-engineer;problem-conductor-preheating;product-family-process-equipment-line-auxiliaries;product-model-inline-induction-wire-preheater-1500-m-min;readiness-approved;recurrence-not-applicable;scope-signed-primary;solution-process-equipment-line-auxiliaries;stage-pre-extrusion-preheating;validation-technical-required;workstream-source-intelligence","Existing Product Master row. Spec confidence: Variant-Dependent. Mapped to a grouped funnel or proof context."
"FA-0036","","Product Master record — Live Spark Tester","source-asset","product-intelligence-record","source-intelligence","inline-spark-testing-insulation-fault-detection","inline-spark-testing-insulation-fault-detection","Live Spark Tester","spark-fault-inspection","qa-qc-head;production-manager;plant-head;maintenance-head;sales-engineer","insulation-faults","awareness;consideration;technical-evaluation;commercial-discussion;retention-expansion","internal-operations","reference-record","Preserve an existing source asset with implementation traceability.","Existing source input; not a new buyer-facing deliverable.","not-applicable","master-implementation-backlog","not-applicable","1","signed-primary","no","high","approved","not-applicable","not-applicable","pending-puretronics-validation","not-applicable","unassigned","not-applicable","data/product-master/rows.json# Live Spark Tester","asset-class-source-asset;channel-internal-operations;format-reference-record;funnel-awareness;funnel-commercial-discussion;funnel-consideration;funnel-retention-expansion;funnel-technical-evaluation;persona-maintenance-head;persona-plant-head;persona-production-manager;persona-qa-qc-head;persona-sales-engineer;problem-insulation-faults;product-family-inline-spark-testing-insulation-fault-detection;product-model-live-spark-tester;readiness-approved;recurrence-not-applicable;scope-signed-primary;solution-inline-spark-testing-insulation-fault-detection;stage-spark-fault-inspection;validation-technical-required;workstream-source-intelligence","Existing Product Master row. Spec confidence: Variant-Dependent. Mapped to a grouped funnel or proof context."
"FA-0037","","Product Master record — LASER 2008B","source-asset","product-intelligence-record","source-intelligence","inline-measurement-dimensional-control","inline-measurement-dimensional-control","LASER 2008B","online-measurement","production-manager;qa-qc-head;automation-engineer;plant-head;sales-engineer","diameter-variation","awareness;consideration;technical-evaluation;commercial-discussion","internal-operations","reference-record","Preserve an existing source asset with implementation traceability.","Existing source input; not a new buyer-facing deliverable.","not-applicable","master-implementation-backlog","not-applicable","1","signed-primary","no","medium","approved","not-applicable","not-applicable","pending-puretronics-validation","not-applicable","unassigned","not-applicable","data/product-master/rows.json# LASER 2008B","asset-class-source-asset;channel-internal-operations;format-reference-record;funnel-awareness;funnel-commercial-discussion;funnel-consideration;funnel-technical-evaluation;persona-automation-engineer;persona-plant-head;persona-production-manager;persona-qa-qc-head;persona-sales-engineer;problem-diameter-variation;product-family-inline-measurement-dimensional-control;product-model-laser-2008b;readiness-approved;recurrence-not-applicable;scope-signed-primary;solution-inline-measurement-dimensional-control;stage-online-measurement;validation-technical-required;workstream-source-intelligence","Existing Product Master row. Spec confidence: Variant-Dependent. Mapped to a grouped funnel or proof context."
"FA-0038","","Product Master record — Loadcell Accessories / Integration Items","source-asset","support-context-record","source-intelligence","tension-braking-line-control","tension-braking-line-control","Loadcell Accessories / Integration Items","tension-and-braking-control","automation-engineer;maintenance-head;sales-engineer","tension-instability","technical-evaluation;commercial-discussion;retention-expansion","internal-operations","reference-record","Preserve an existing source asset with implementation traceability.","Existing source input; not a new buyer-facing deliverable.","not-applicable","master-implementation-backlog","not-applicable","1","covered-support","no","medium","approved","not-applicable","not-applicable","pending-puretronics-validation","not-applicable","unassigned","not-applicable","data/product-master/rows.json# Loadcell Accessories / Integration Items","asset-class-source-asset;channel-internal-operations;format-reference-record;funnel-commercial-discussion;funnel-retention-expansion;funnel-technical-evaluation;persona-automation-engineer;persona-maintenance-head;persona-sales-engineer;problem-tension-instability;product-family-tension-braking-line-control;product-model-loadcell-accessories-integration-items;readiness-approved;recurrence-not-applicable;scope-covered-support;solution-tension-braking-line-control;stage-tension-and-braking-control;validation-technical-required;workstream-source-intelligence","Existing Product Master row. Spec confidence: Source-Limited. Support context only; never a standalone deliverable."
"FA-0039","","Product Master record — Loadcell AR-ST Series","source-asset","product-intelligence-record","source-intelligence","tension-braking-line-control","tension-braking-line-control","Loadcell AR-ST Series","tension-and-braking-control","automation-engineer;maintenance-head;production-manager;plant-head;sales-engineer","tension-instability","consideration;technical-evaluation;commercial-discussion;retention-expansion","internal-operations","reference-record","Preserve an existing source asset with implementation traceability.","Existing source input; not a new buyer-facing deliverable.","not-applicable","master-implementation-backlog","not-applicable","1","signed-primary","no","medium","approved","not-applicable","not-applicable","pending-puretronics-validation","not-applicable","unassigned","not-applicable","data/product-master/rows.json# Loadcell AR-ST Series","asset-class-source-asset;channel-internal-operations;format-reference-record;funnel-commercial-discussion;funnel-consideration;funnel-retention-expansion;funnel-technical-evaluation;persona-automation-engineer;persona-maintenance-head;persona-plant-head;persona-production-manager;persona-sales-engineer;problem-tension-instability;product-family-tension-braking-line-control;product-model-loadcell-ar-st-series;readiness-approved;recurrence-not-applicable;scope-signed-primary;solution-tension-braking-line-control;stage-tension-and-braking-control;validation-technical-required;workstream-source-intelligence","Existing Product Master row. Spec confidence: Variant-Dependent. Mapped to a grouped funnel or proof context."
"FA-0040","","Product Master record — LSP-G1 Static Powder Applicator","source-asset","product-intelligence-record","source-intelligence","process-equipment-line-auxiliaries","process-equipment-line-auxiliaries","LSP-G1 Static Powder Applicator","powdering-talc-application","plant-head;production-manager;maintenance-head;automation-engineer;sales-engineer","powder-adhesion","awareness;consideration;technical-evaluation;commercial-discussion;retention-expansion","internal-operations","reference-record","Preserve an existing source asset with implementation traceability.","Existing source input; not a new buyer-facing deliverable.","not-applicable","master-implementation-backlog","not-applicable","1","signed-primary","no","high","approved","not-applicable","not-applicable","pending-puretronics-validation","not-applicable","unassigned","not-applicable","data/product-master/rows.json# LSP-G1 Static Powder Applicator","asset-class-source-asset;channel-internal-operations;format-reference-record;funnel-awareness;funnel-commercial-discussion;funnel-consideration;funnel-retention-expansion;funnel-technical-evaluation;persona-automation-engineer;persona-maintenance-head;persona-plant-head;persona-production-manager;persona-sales-engineer;problem-powder-adhesion;product-family-process-equipment-line-auxiliaries;product-model-lsp-g1-static-powder-applicator;readiness-approved;recurrence-not-applicable;scope-signed-primary;solution-process-equipment-line-auxiliaries;stage-powdering-talc-application;validation-technical-required;workstream-source-intelligence","Existing Product Master row. Spec confidence: Complete Source-Backed. Mapped to a grouped funnel or proof context."
"FA-0041","","Product Master record — Wire Tension Indicator WTI-90-40","source-asset","product-intelligence-record","source-intelligence","tension-braking-line-control","tension-braking-line-control","Wire Tension Indicator WTI-90-40","tension-and-braking-control","production-manager;maintenance-head;automation-engineer;plant-head;sales-engineer","tension-instability","awareness;consideration;technical-evaluation;commercial-discussion;retention-expansion","internal-operations","reference-record","Preserve an existing source asset with implementation traceability.","Existing source input; not a new buyer-facing deliverable.","not-applicable","master-implementation-backlog","not-applicable","1","signed-primary","no","medium","approved","not-applicable","not-applicable","pending-puretronics-validation","not-applicable","unassigned","not-applicable","data/product-master/rows.json# Wire Tension Indicator WTI-90-40","asset-class-source-asset;channel-internal-operations;format-reference-record;funnel-awareness;funnel-commercial-discussion;funnel-consideration;funnel-retention-expansion;funnel-technical-evaluation;persona-automation-engineer;persona-maintenance-head;persona-plant-head;persona-production-manager;persona-sales-engineer;problem-tension-instability;product-family-tension-braking-line-control;product-model-wire-tension-indicator-wti-90-40;readiness-approved;recurrence-not-applicable;scope-signed-primary;solution-tension-braking-line-control;stage-tension-and-braking-control;validation-technical-required;workstream-source-intelligence","Existing Product Master row. Spec confidence: Variant-Dependent. Mapped to a grouped funnel or proof context."
"FA-0042","","Product Master record — Inline Induction Wire Preheater - 2000 m/min","source-asset","product-intelligence-record","source-intelligence","process-equipment-line-auxiliaries","process-equipment-line-auxiliaries","Inline Induction Wire Preheater - 2000 m/min","pre-extrusion-preheating","production-manager;plant-head;maintenance-head;automation-engineer;sales-engineer","conductor-preheating","awareness;consideration;technical-evaluation;commercial-discussion;retention-expansion","internal-operations","reference-record","Preserve an existing source asset with implementation traceability.","Existing source input; not a new buyer-facing deliverable.","not-applicable","master-implementation-backlog","not-applicable","1","signed-primary","no","medium","approved","not-applicable","not-applicable","pending-puretronics-validation","not-applicable","unassigned","not-applicable","data/product-master/rows.json# Inline Induction Wire Preheater - 2000 m/min","asset-class-source-asset;channel-internal-operations;format-reference-record;funnel-awareness;funnel-commercial-discussion;funnel-consideration;funnel-retention-expansion;funnel-technical-evaluation;persona-automation-engineer;persona-maintenance-head;persona-plant-head;persona-production-manager;persona-sales-engineer;problem-conductor-preheating;product-family-process-equipment-line-auxiliaries;product-model-inline-induction-wire-preheater-2000-m-min;readiness-approved;recurrence-not-applicable;scope-signed-primary;solution-process-equipment-line-auxiliaries;stage-pre-extrusion-preheating;validation-technical-required;workstream-source-intelligence","Existing Product Master row. Spec confidence: Variant-Dependent. Mapped to a grouped funnel or proof context."
"FA-0043","","Product Master record — DC Spark Tester","source-asset","product-intelligence-record","source-intelligence","inline-spark-testing-insulation-fault-detection","inline-spark-testing-insulation-fault-detection","DC Spark Tester","spark-fault-inspection","qa-qc-head;production-manager;maintenance-head;automation-engineer;sales-engineer","insulation-faults","awareness;consideration;technical-evaluation;commercial-discussion","internal-operations","reference-record","Preserve an existing source asset with implementation traceability.","Existing source input; not a new buyer-facing deliverable.","not-applicable","master-implementation-backlog","not-applicable","1","signed-primary","no","medium","approved","not-applicable","not-applicable","pending-puretronics-validation","not-applicable","unassigned","not-applicable","data/product-master/rows.json# DC Spark Tester","asset-class-source-asset;channel-internal-operations;format-reference-record;funnel-awareness;funnel-commercial-discussion;funnel-consideration;funnel-technical-evaluation;persona-automation-engineer;persona-maintenance-head;persona-production-manager;persona-qa-qc-head;persona-sales-engineer;problem-insulation-faults;product-family-inline-spark-testing-insulation-fault-detection;product-model-dc-spark-tester;readiness-approved;recurrence-not-applicable;scope-signed-primary;solution-inline-spark-testing-insulation-fault-detection;stage-spark-fault-inspection;validation-technical-required;workstream-source-intelligence","Existing Product Master row. Spec confidence: Variant-Dependent. Mapped to a grouped funnel or proof context."
"FA-0044","","Product Master record — Spark Tester Sensitivity Calibrator","source-asset","support-context-record","source-intelligence","inline-spark-testing-insulation-fault-detection","inline-spark-testing-insulation-fault-detection","Spark Tester Sensitivity Calibrator","calibration-support","qa-qc-head;maintenance-head;production-manager;sales-engineer","insulation-faults","technical-evaluation;commercial-discussion;retention-expansion","internal-operations","reference-record","Preserve an existing source asset with implementation traceability.","Existing source input; not a new buyer-facing deliverable.","not-applicable","master-implementation-backlog","not-applicable","1","covered-support","no","medium","approved","not-applicable","not-applicable","pending-puretronics-validation","not-applicable","unassigned","not-applicable","data/product-master/rows.json# Spark Tester Sensitivity Calibrator","asset-class-source-asset;channel-internal-operations;format-reference-record;funnel-commercial-discussion;funnel-retention-expansion;funnel-technical-evaluation;persona-maintenance-head;persona-production-manager;persona-qa-qc-head;persona-sales-engineer;problem-insulation-faults;product-family-inline-spark-testing-insulation-fault-detection;product-model-spark-tester-sensitivity-calibrator;readiness-approved;recurrence-not-applicable;scope-covered-support;solution-inline-spark-testing-insulation-fault-detection;stage-calibration-support;validation-technical-required;workstream-source-intelligence","Existing Product Master row. Spec confidence: Complete Source-Backed. Support context only; never a standalone deliverable."
"FA-0045","","Product Master record — LASER-2020H","source-asset","product-intelligence-record","source-intelligence","inline-measurement-dimensional-control","inline-measurement-dimensional-control","LASER-2020H","online-measurement","plant-head;production-manager;qa-qc-head;automation-engineer;sales-engineer","diameter-variation","awareness;consideration;technical-evaluation;commercial-discussion","internal-operations","reference-record","Preserve an existing source asset with implementation traceability.","Existing source input; not a new buyer-facing deliverable.","not-applicable","master-implementation-backlog","not-applicable","1","signed-primary","no","high","approved","not-applicable","not-applicable","pending-puretronics-validation","not-applicable","unassigned","not-applicable","data/product-master/rows.json# LASER-2020H","asset-class-source-asset;channel-internal-operations;format-reference-record;funnel-awareness;funnel-commercial-discussion;funnel-consideration;funnel-technical-evaluation;persona-automation-engineer;persona-plant-head;persona-production-manager;persona-qa-qc-head;persona-sales-engineer;problem-diameter-variation;product-family-inline-measurement-dimensional-control;product-model-laser-2020h;readiness-approved;recurrence-not-applicable;scope-signed-primary;solution-inline-measurement-dimensional-control;stage-online-measurement;validation-technical-required;workstream-source-intelligence","Existing Product Master row. Spec confidence: Complete Source-Backed. Mapped to a grouped funnel or proof context."
"FA-0046","","Product Master record — Spark Tester IoT Stage 3 Inline Marking System","source-asset","support-context-record","source-intelligence","inline-spark-testing-insulation-fault-detection","inline-spark-testing-insulation-fault-detection","Spark Tester IoT Stage 3 Inline Marking System","inline-marking","qa-qc-head;production-manager;maintenance-head;automation-engineer;sales-engineer","insulation-faults","consideration;technical-evaluation;commercial-discussion;retention-expansion","internal-operations","reference-record","Preserve an existing source asset with implementation traceability.","Existing source input; not a new buyer-facing deliverable.","not-applicable","master-implementation-backlog","not-applicable","1","covered-support","no","medium","approved","not-applicable","not-applicable","pending-puretronics-validation","not-applicable","unassigned","not-applicable","data/product-master/rows.json# Spark Tester IoT Stage 3 Inline Marking System","asset-class-source-asset;channel-internal-operations;format-reference-record;funnel-commercial-discussion;funnel-consideration;funnel-retention-expansion;funnel-technical-evaluation;persona-automation-engineer;persona-maintenance-head;persona-production-manager;persona-qa-qc-head;persona-sales-engineer;problem-insulation-faults;product-family-inline-spark-testing-insulation-fault-detection;product-model-spark-tester-iot-stage-3-inline-marking-system;readiness-approved;recurrence-not-applicable;scope-covered-support;solution-inline-spark-testing-insulation-fault-detection;stage-inline-marking;validation-technical-required;workstream-source-intelligence","Existing Product Master row. Spec confidence: Source-Limited. Support context only; never a standalone deliverable."
"FA-0047","","Product Master record — LASER-2010H","source-asset","product-intelligence-record","source-intelligence","inline-measurement-dimensional-control","inline-measurement-dimensional-control","LASER-2010H","online-measurement","production-manager;qa-qc-head;automation-engineer;plant-head;sales-engineer","diameter-variation","awareness;consideration;technical-evaluation;commercial-discussion","internal-operations","reference-record","Preserve an existing source asset with implementation traceability.","Existing source input; not a new buyer-facing deliverable.","not-applicable","master-implementation-backlog","not-applicable","1","signed-primary","no","medium","approved","not-applicable","not-applicable","pending-puretronics-validation","not-applicable","unassigned","not-applicable","data/product-master/rows.json# LASER-2010H","asset-class-source-asset;channel-internal-operations;format-reference-record;funnel-awareness;funnel-commercial-discussion;funnel-consideration;funnel-technical-evaluation;persona-automation-engineer;persona-plant-head;persona-production-manager;persona-qa-qc-head;persona-sales-engineer;problem-diameter-variation;product-family-inline-measurement-dimensional-control;product-model-laser-2010h;readiness-approved;recurrence-not-applicable;scope-signed-primary;solution-inline-measurement-dimensional-control;stage-online-measurement;validation-technical-required;workstream-source-intelligence","Existing Product Master row. Spec confidence: Complete Source-Backed. Mapped to a grouped funnel or proof context."
"FA-0048","","Product Master record — Laser Diameter Gauge / LASER 2008","source-asset","product-intelligence-record","source-intelligence","inline-measurement-dimensional-control","inline-measurement-dimensional-control","Laser Diameter Gauge / LASER 2008","online-measurement","production-manager;qa-qc-head;automation-engineer;plant-head;sales-engineer","diameter-variation","awareness;consideration;technical-evaluation;commercial-discussion","internal-operations","reference-record","Preserve an existing source asset with implementation traceability.","Existing source input; not a new buyer-facing deliverable.","not-applicable","master-implementation-backlog","not-applicable","1","signed-primary","no","high","approved","not-applicable","not-applicable","pending-puretronics-validation","not-applicable","unassigned","not-applicable","data/product-master/rows.json# Laser Diameter Gauge / LASER 2008","asset-class-source-asset;channel-internal-operations;format-reference-record;funnel-awareness;funnel-commercial-discussion;funnel-consideration;funnel-technical-evaluation;persona-automation-engineer;persona-plant-head;persona-production-manager;persona-qa-qc-head;persona-sales-engineer;problem-diameter-variation;product-family-inline-measurement-dimensional-control;product-model-laser-diameter-gauge-laser-2008;readiness-approved;recurrence-not-applicable;scope-signed-primary;solution-inline-measurement-dimensional-control;stage-online-measurement;validation-technical-required;workstream-source-intelligence","Existing Product Master row. Spec confidence: Variant-Dependent. Mapped to a grouped funnel or proof context."
"FA-0049","","Product Master record — Spark Tester IoT Stage 2 Data Logging & Graphics","source-asset","support-context-record","source-intelligence","inline-spark-testing-insulation-fault-detection","inline-spark-testing-insulation-fault-detection","Spark Tester IoT Stage 2 Data Logging & Graphics","data-reporting-layer","qa-qc-head;plant-head;automation-engineer;production-manager;sales-engineer","insulation-faults","consideration;technical-evaluation;commercial-discussion;retention-expansion","internal-operations","reference-record","Preserve an existing source asset with implementation traceability.","Existing source input; not a new buyer-facing deliverable.","not-applicable","master-implementation-backlog","not-applicable","1","covered-support","no","medium","approved","not-applicable","not-applicable","pending-puretronics-validation","not-applicable","unassigned","not-applicable","data/product-master/rows.json# Spark Tester IoT Stage 2 Data Logging & Graphics","asset-class-source-asset;channel-internal-operations;format-reference-record;funnel-commercial-discussion;funnel-consideration;funnel-retention-expansion;funnel-technical-evaluation;persona-automation-engineer;persona-plant-head;persona-production-manager;persona-qa-qc-head;persona-sales-engineer;problem-insulation-faults;product-family-inline-spark-testing-insulation-fault-detection;product-model-spark-tester-iot-stage-2-data-logging-and-graphics;readiness-approved;recurrence-not-applicable;scope-covered-support;solution-inline-spark-testing-insulation-fault-detection;stage-data-reporting-layer;validation-technical-required;workstream-source-intelligence","Existing Product Master row. Spec confidence: Source-Limited. Support context only; never a standalone deliverable."
"FA-0050","","Product Master record — Loadcell AR-118 Series","source-asset","product-intelligence-record","source-intelligence","tension-braking-line-control","tension-braking-line-control","Loadcell AR-118 Series","tension-and-braking-control","automation-engineer;maintenance-head;production-manager;sales-engineer","tension-instability","consideration;technical-evaluation;commercial-discussion;retention-expansion","internal-operations","reference-record","Preserve an existing source asset with implementation traceability.","Existing source input; not a new buyer-facing deliverable.","not-applicable","master-implementation-backlog","not-applicable","1","signed-primary","no","medium","approved","not-applicable","not-applicable","pending-puretronics-validation","not-applicable","unassigned","not-applicable","data/product-master/rows.json# Loadcell AR-118 Series","asset-class-source-asset;channel-internal-operations;format-reference-record;funnel-commercial-discussion;funnel-consideration;funnel-retention-expansion;funnel-technical-evaluation;persona-automation-engineer;persona-maintenance-head;persona-production-manager;persona-sales-engineer;problem-tension-instability;product-family-tension-braking-line-control;product-model-loadcell-ar-118-series;readiness-approved;recurrence-not-applicable;scope-signed-primary;solution-tension-braking-line-control;stage-tension-and-braking-control;validation-technical-required;workstream-source-intelligence","Existing Product Master row. Spec confidence: Variant-Dependent. Mapped to a grouped funnel or proof context."
"FA-0051","","Product Master record — Fire Resistance Cable Testing System","source-asset","product-intelligence-record","source-intelligence","cable-testing-validation","cable-testing-validation","Fire Resistance Cable Testing System","fire-compliance-testing","plant-head;qa-qc-head;rd-technical-team;production-manager;sales-engineer","fire-resistance-validation","awareness;consideration;technical-evaluation;commercial-discussion;retention-expansion","internal-operations","reference-record","Preserve an existing source asset with implementation traceability.","Existing source input; not a new buyer-facing deliverable.","not-applicable","master-implementation-backlog","not-applicable","1","signed-primary","no","high","approved","not-applicable","not-applicable","pending-puretronics-validation","not-applicable","unassigned","not-applicable","data/product-master/rows.json# Fire Resistance Cable Testing System","asset-class-source-asset;channel-internal-operations;format-reference-record;funnel-awareness;funnel-commercial-discussion;funnel-consideration;funnel-retention-expansion;funnel-technical-evaluation;persona-plant-head;persona-production-manager;persona-qa-qc-head;persona-rd-technical-team;persona-sales-engineer;problem-fire-resistance-validation;product-family-cable-testing-validation;product-model-fire-resistance-cable-testing-system;readiness-approved;recurrence-not-applicable;scope-signed-primary;solution-cable-testing-validation;stage-fire-compliance-testing;validation-technical-required;workstream-source-intelligence","Existing Product Master row. Spec confidence: Verify At Quotation. Mapped to a grouped funnel or proof context."
"FA-0052","","Product Master record — LTC-PRO Web Tension Controller","source-asset","product-intelligence-record","source-intelligence","tension-braking-line-control","tension-braking-line-control","LTC-PRO Web Tension Controller","tension-and-braking-control","plant-head;production-manager;automation-engineer;maintenance-head;sales-engineer","tension-instability","awareness;consideration;technical-evaluation;commercial-discussion;retention-expansion","internal-operations","reference-record","Preserve an existing source asset with implementation traceability.","Existing source input; not a new buyer-facing deliverable.","not-applicable","master-implementation-backlog","not-applicable","1","signed-primary","no","high","approved","not-applicable","not-applicable","pending-puretronics-validation","not-applicable","unassigned","not-applicable","data/product-master/rows.json# LTC-PRO Web Tension Controller","asset-class-source-asset;channel-internal-operations;format-reference-record;funnel-awareness;funnel-commercial-discussion;funnel-consideration;funnel-retention-expansion;funnel-technical-evaluation;persona-automation-engineer;persona-maintenance-head;persona-plant-head;persona-production-manager;persona-sales-engineer;problem-tension-instability;product-family-tension-braking-line-control;product-model-ltc-pro-web-tension-controller;readiness-approved;recurrence-not-applicable;scope-signed-primary;solution-tension-braking-line-control;stage-tension-and-braking-control;validation-technical-required;workstream-source-intelligence","Existing Product Master row. Spec confidence: Complete Source-Backed. Mapped to a grouped funnel or proof context."
"FA-0053","","Product Master record — Loadcell LC-AR-HD Series","source-asset","product-intelligence-record","source-intelligence","tension-braking-line-control","tension-braking-line-control","Loadcell LC-AR-HD Series","tension-and-braking-control","automation-engineer;maintenance-head;production-manager;plant-head;sales-engineer","tension-instability","consideration;technical-evaluation;commercial-discussion","internal-operations","reference-record","Preserve an existing source asset with implementation traceability.","Existing source input; not a new buyer-facing deliverable.","not-applicable","master-implementation-backlog","not-applicable","1","signed-primary","no","medium","approved","not-applicable","not-applicable","pending-puretronics-validation","not-applicable","unassigned","not-applicable","data/product-master/rows.json# Loadcell LC-AR-HD Series","asset-class-source-asset;channel-internal-operations;format-reference-record;funnel-commercial-discussion;funnel-consideration;funnel-technical-evaluation;persona-automation-engineer;persona-maintenance-head;persona-plant-head;persona-production-manager;persona-sales-engineer;problem-tension-instability;product-family-tension-braking-line-control;product-model-loadcell-lc-ar-hd-series;readiness-approved;recurrence-not-applicable;scope-signed-primary;solution-tension-braking-line-control;stage-tension-and-braking-control;validation-technical-required;workstream-source-intelligence","Existing Product Master row. Spec confidence: Source-Limited. Mapped to a grouped funnel or proof context."
"FA-0054","","Product Master record — Acute Spark Tester","source-asset","product-intelligence-record","source-intelligence","inline-spark-testing-insulation-fault-detection","inline-spark-testing-insulation-fault-detection","Acute Spark Tester","spark-fault-inspection","qa-qc-head;production-manager;maintenance-head;automation-engineer;sales-engineer","insulation-faults","awareness;consideration;technical-evaluation;commercial-discussion","internal-operations","reference-record","Preserve an existing source asset with implementation traceability.","Existing source input; not a new buyer-facing deliverable.","not-applicable","master-implementation-backlog","not-applicable","1","signed-primary","no","medium","approved","not-applicable","not-applicable","pending-puretronics-validation","not-applicable","unassigned","not-applicable","data/product-master/rows.json# Acute Spark Tester","asset-class-source-asset;channel-internal-operations;format-reference-record;funnel-awareness;funnel-commercial-discussion;funnel-consideration;funnel-technical-evaluation;persona-automation-engineer;persona-maintenance-head;persona-production-manager;persona-qa-qc-head;persona-sales-engineer;problem-insulation-faults;product-family-inline-spark-testing-insulation-fault-detection;product-model-acute-spark-tester;readiness-approved;recurrence-not-applicable;scope-signed-primary;solution-inline-spark-testing-insulation-fault-detection;stage-spark-fault-inspection;validation-technical-required;workstream-source-intelligence","Existing Product Master row. Spec confidence: Variant-Dependent. Mapped to a grouped funnel or proof context."
"FA-0055","","Product Master record — Loadcell LC-AR-60 Series","source-asset","product-intelligence-record","source-intelligence","tension-braking-line-control","tension-braking-line-control","Loadcell LC-AR-60 Series","tension-and-braking-control","automation-engineer;maintenance-head;production-manager;sales-engineer","tension-instability","consideration;technical-evaluation;commercial-discussion","internal-operations","reference-record","Preserve an existing source asset with implementation traceability.","Existing source input; not a new buyer-facing deliverable.","not-applicable","master-implementation-backlog","not-applicable","1","signed-primary","no","medium","approved","not-applicable","not-applicable","pending-puretronics-validation","not-applicable","unassigned","not-applicable","data/product-master/rows.json# Loadcell LC-AR-60 Series","asset-class-source-asset;channel-internal-operations;format-reference-record;funnel-commercial-discussion;funnel-consideration;funnel-technical-evaluation;persona-automation-engineer;persona-maintenance-head;persona-production-manager;persona-sales-engineer;problem-tension-instability;product-family-tension-braking-line-control;product-model-loadcell-lc-ar-60-series;readiness-approved;recurrence-not-applicable;scope-signed-primary;solution-tension-braking-line-control;stage-tension-and-braking-control;validation-technical-required;workstream-source-intelligence","Existing Product Master row. Spec confidence: Source-Limited. Mapped to a grouped funnel or proof context."
"FA-0056","","Product Master record — LASER-2030H","source-asset","product-intelligence-record","source-intelligence","inline-measurement-dimensional-control","inline-measurement-dimensional-control","LASER-2030H","online-measurement","plant-head;production-manager;qa-qc-head;automation-engineer;sales-engineer","diameter-variation","awareness;consideration;technical-evaluation;commercial-discussion","internal-operations","reference-record","Preserve an existing source asset with implementation traceability.","Existing source input; not a new buyer-facing deliverable.","not-applicable","master-implementation-backlog","not-applicable","1","signed-primary","no","medium","approved","not-applicable","not-applicable","pending-puretronics-validation","not-applicable","unassigned","not-applicable","data/product-master/rows.json# LASER-2030H","asset-class-source-asset;channel-internal-operations;format-reference-record;funnel-awareness;funnel-commercial-discussion;funnel-consideration;funnel-technical-evaluation;persona-automation-engineer;persona-plant-head;persona-production-manager;persona-qa-qc-head;persona-sales-engineer;problem-diameter-variation;product-family-inline-measurement-dimensional-control;product-model-laser-2030h;readiness-approved;recurrence-not-applicable;scope-signed-primary;solution-inline-measurement-dimensional-control;stage-online-measurement;validation-technical-required;workstream-source-intelligence","Existing Product Master row. Spec confidence: Complete Source-Backed. Mapped to a grouped funnel or proof context."
"FA-0057","","Product Master record — Laser / Measurement Accessories Group","source-asset","support-context-record","source-intelligence","inline-measurement-dimensional-control","inline-measurement-dimensional-control","Laser / Measurement Accessories Group","online-measurement","automation-engineer;production-manager;maintenance-head;sales-engineer","diameter-variation","consideration;technical-evaluation;commercial-discussion;retention-expansion","internal-operations","reference-record","Preserve an existing source asset with implementation traceability.","Existing source input; not a new buyer-facing deliverable.","not-applicable","master-implementation-backlog","not-applicable","1","covered-support","no","medium","approved","not-applicable","not-applicable","pending-puretronics-validation","not-applicable","unassigned","not-applicable","data/product-master/rows.json# Laser / Measurement Accessories Group","asset-class-source-asset;channel-internal-operations;format-reference-record;funnel-commercial-discussion;funnel-consideration;funnel-retention-expansion;funnel-technical-evaluation;persona-automation-engineer;persona-maintenance-head;persona-production-manager;persona-sales-engineer;problem-diameter-variation;product-family-inline-measurement-dimensional-control;product-model-laser-measurement-accessories-group;readiness-approved;recurrence-not-applicable;scope-covered-support;solution-inline-measurement-dimensional-control;stage-online-measurement;validation-technical-required;workstream-source-intelligence","Existing Product Master row. Spec confidence: Source-Limited. Support context only; never a standalone deliverable."
"FA-0058","","Product Master record — Loadcell AR-125 Series","source-asset","product-intelligence-record","source-intelligence","tension-braking-line-control","tension-braking-line-control","Loadcell AR-125 Series","tension-and-braking-control","automation-engineer;maintenance-head;production-manager;sales-engineer","tension-instability","consideration;technical-evaluation;commercial-discussion;retention-expansion","internal-operations","reference-record","Preserve an existing source asset with implementation traceability.","Existing source input; not a new buyer-facing deliverable.","not-applicable","master-implementation-backlog","not-applicable","1","signed-primary","no","medium","approved","not-applicable","not-applicable","pending-puretronics-validation","not-applicable","unassigned","not-applicable","data/product-master/rows.json# Loadcell AR-125 Series","asset-class-source-asset;channel-internal-operations;format-reference-record;funnel-commercial-discussion;funnel-consideration;funnel-retention-expansion;funnel-technical-evaluation;persona-automation-engineer;persona-maintenance-head;persona-production-manager;persona-sales-engineer;problem-tension-instability;product-family-tension-braking-line-control;product-model-loadcell-ar-125-series;readiness-approved;recurrence-not-applicable;scope-signed-primary;solution-tension-braking-line-control;stage-tension-and-braking-control;validation-technical-required;workstream-source-intelligence","Existing Product Master row. Spec confidence: Variant-Dependent. Mapped to a grouped funnel or proof context."
"FA-0059","","Product Master record — AX-400 Pneumatic Brake","source-asset","product-intelligence-record","source-intelligence","tension-braking-line-control","tension-braking-line-control","AX-400 Pneumatic Brake","tension-and-braking-control","production-manager;maintenance-head;automation-engineer;plant-head;sales-engineer","braking-control","consideration;technical-evaluation;commercial-discussion;retention-expansion","internal-operations","reference-record","Preserve an existing source asset with implementation traceability.","Existing source input; not a new buyer-facing deliverable.","not-applicable","master-implementation-backlog","not-applicable","1","signed-primary","no","medium","approved","not-applicable","not-applicable","pending-puretronics-validation","not-applicable","unassigned","not-applicable","data/product-master/rows.json# AX-400 Pneumatic Brake","asset-class-source-asset;channel-internal-operations;format-reference-record;funnel-commercial-discussion;funnel-consideration;funnel-retention-expansion;funnel-technical-evaluation;persona-automation-engineer;persona-maintenance-head;persona-plant-head;persona-production-manager;persona-sales-engineer;problem-braking-control;product-family-tension-braking-line-control;product-model-ax-400-pneumatic-brake;readiness-approved;recurrence-not-applicable;scope-signed-primary;solution-tension-braking-line-control;stage-tension-and-braking-control;validation-technical-required;workstream-source-intelligence","Existing Product Master row. Spec confidence: Variant-Dependent. Mapped to a grouped funnel or proof context."
"FA-0060","","Product Master record — DC HV Tester","source-asset","product-intelligence-record","source-intelligence","cable-testing-validation","cable-testing-validation","DC HV Tester","offline-hv-testing","qa-qc-head;maintenance-head;production-manager;rd-technical-team;sales-engineer","hv-validation","consideration;technical-evaluation;commercial-discussion;retention-expansion","internal-operations","reference-record","Preserve an existing source asset with implementation traceability.","Existing source input; not a new buyer-facing deliverable.","not-applicable","master-implementation-backlog","not-applicable","1","signed-primary","no","medium","approved","not-applicable","not-applicable","pending-puretronics-validation","not-applicable","unassigned","not-applicable","data/product-master/rows.json# DC HV Tester","asset-class-source-asset;channel-internal-operations;format-reference-record;funnel-commercial-discussion;funnel-consideration;funnel-retention-expansion;funnel-technical-evaluation;persona-maintenance-head;persona-production-manager;persona-qa-qc-head;persona-rd-technical-team;persona-sales-engineer;problem-hv-validation;product-family-cable-testing-validation;product-model-dc-hv-tester;readiness-approved;recurrence-not-applicable;scope-signed-primary;solution-cable-testing-validation;stage-offline-hv-testing;validation-technical-required;workstream-source-intelligence","Existing Product Master row. Spec confidence: Variant-Dependent. Mapped to a grouped funnel or proof context."
"FA-0061","","Product Master record — AX-250 Pneumatic Brake","source-asset","product-intelligence-record","source-intelligence","tension-braking-line-control","tension-braking-line-control","AX-250 Pneumatic Brake","tension-and-braking-control","production-manager;maintenance-head;automation-engineer;plant-head;sales-engineer","braking-control","consideration;technical-evaluation;commercial-discussion;retention-expansion","internal-operations","reference-record","Preserve an existing source asset with implementation traceability.","Existing source input; not a new buyer-facing deliverable.","not-applicable","master-implementation-backlog","not-applicable","1","signed-primary","no","medium","approved","not-applicable","not-applicable","pending-puretronics-validation","not-applicable","unassigned","not-applicable","data/product-master/rows.json# AX-250 Pneumatic Brake","asset-class-source-asset;channel-internal-operations;format-reference-record;funnel-commercial-discussion;funnel-consideration;funnel-retention-expansion;funnel-technical-evaluation;persona-automation-engineer;persona-maintenance-head;persona-plant-head;persona-production-manager;persona-sales-engineer;problem-braking-control;product-family-tension-braking-line-control;product-model-ax-250-pneumatic-brake;readiness-approved;recurrence-not-applicable;scope-signed-primary;solution-tension-braking-line-control;stage-tension-and-braking-control;validation-technical-required;workstream-source-intelligence","Existing Product Master row. Spec confidence: Variant-Dependent. Mapped to a grouped funnel or proof context."
"FA-0062","","Product Master record — LASER-2012","source-asset","product-intelligence-record","source-intelligence","inline-measurement-dimensional-control","inline-measurement-dimensional-control","LASER-2012","online-measurement","production-manager;qa-qc-head;automation-engineer;rd-technical-team;sales-engineer","diameter-variation","awareness;consideration;technical-evaluation;commercial-discussion","internal-operations","reference-record","Preserve an existing source asset with implementation traceability.","Existing source input; not a new buyer-facing deliverable.","not-applicable","master-implementation-backlog","not-applicable","1","signed-primary","no","medium","approved","not-applicable","not-applicable","pending-puretronics-validation","not-applicable","unassigned","not-applicable","data/product-master/rows.json# LASER-2012","asset-class-source-asset;channel-internal-operations;format-reference-record;funnel-awareness;funnel-commercial-discussion;funnel-consideration;funnel-technical-evaluation;persona-automation-engineer;persona-production-manager;persona-qa-qc-head;persona-rd-technical-team;persona-sales-engineer;problem-diameter-variation;product-family-inline-measurement-dimensional-control;product-model-laser-2012;readiness-approved;recurrence-not-applicable;scope-signed-primary;solution-inline-measurement-dimensional-control;stage-online-measurement;validation-technical-required;workstream-source-intelligence","Existing Product Master row. Spec confidence: Complete Source-Backed. Mapped to a grouped funnel or proof context."
"FA-0063","","Wire & Cable Industry Landing Page","page","industry-landing-page","website-experience","cross-family","cross-family","not-applicable","cross-stage","plant-head;production-manager;qa-qc-head;maintenance-head;owner-director;purchase-procurement","solution-discovery","awareness;consideration;conversion","website","page","Provide the master buyer gateway for the signed Wire & Cable product universe.","Route buyers by problem, production stage, or product family into proof and a qualified requirement path.","submit-technical-requirement","adaptive-requirement-form","one-time","1","signed-primary","yes","critical","specified","not-started","not-started","pending-puretronics-validation","not-started","unassigned","not-applicable","funnel-build/page-specs/wire-cable-industry-landing-page.md;data/notion-export/raw-page-fetches/internal-copy-annexure-a-funnel-architecture.json# 5. Wire & Cable Industry Landing Page","asset-class-page;channel-website;format-page;funnel-awareness;funnel-consideration;funnel-conversion;page-master-gateway;persona-maintenance-head;persona-owner-director;persona-plant-head;persona-production-manager;persona-purchase-procurement;persona-qa-qc-head;problem-solution-discovery;product-family-cross-family;readiness-specified;recurrence-one-time;scope-signed-primary;solution-cross-family;stage-cross-stage;validation-technical-required;workstream-website-experience","Single industry landing page. No standalone product-page expansion."
"FA-0064","FA-0063","Industry entry and signed-scope positioning section","section","section-industry-entry","website-experience","cross-family","cross-family","not-applicable","cross-stage","plant-head;production-manager;qa-qc-head;maintenance-head;purchase-procurement","solution-discovery","awareness;consideration","website","section","Establish relevance and signed Wire & Cable scope.","Establish relevance and signed Wire & Cable scope.","find-the-right-solution","navigation-router","one-time","1","signed-primary","yes","critical","specified","not-started","not-started","pending-puretronics-validation","not-started","unassigned","FA-0063","funnel-build/page-specs/wire-cable-industry-landing-page.md;data/notion-export/raw-page-fetches/internal-copy-annexure-a-funnel-architecture.json# 5. Wire & Cable Industry Landing Page","asset-class-section;channel-website;format-section;funnel-awareness;funnel-consideration;persona-maintenance-head;persona-plant-head;persona-production-manager;persona-purchase-procurement;persona-qa-qc-head;problem-solution-discovery;product-family-cross-family;readiness-specified;recurrence-one-time;scope-signed-primary;solution-cross-family;stage-cross-stage;validation-technical-required;workstream-website-experience","No additional note."
"FA-0065","FA-0063","Problem router section","section","section-problem-router","website-experience","cross-family","cross-family","not-applicable","cross-stage","plant-head;production-manager;qa-qc-head;maintenance-head;purchase-procurement","solution-discovery","awareness;consideration","website","section","Let buyers self-select by production or testing problem.","Let buyers self-select by production or testing problem.","find-by-problem","router-problem","one-time","1","signed-primary","yes","critical","specified","not-started","not-started","pending-puretronics-validation","not-started","unassigned","FA-0063","funnel-build/page-specs/wire-cable-industry-landing-page.md;data/notion-export/raw-page-fetches/internal-copy-annexure-a-funnel-architecture.json# 5. Wire & Cable Industry Landing Page","asset-class-section;channel-website;format-section;funnel-awareness;funnel-consideration;persona-maintenance-head;persona-plant-head;persona-production-manager;persona-purchase-procurement;persona-qa-qc-head;problem-solution-discovery;product-family-cross-family;readiness-specified;recurrence-one-time;scope-signed-primary;solution-cross-family;stage-cross-stage;validation-technical-required;workstream-website-experience","No additional note."
"FA-0066","FA-0063","Production-stage router section","section","section-production-stage-router","website-experience","cross-family","cross-family","not-applicable","cross-stage","plant-head;production-manager;qa-qc-head;maintenance-head;purchase-procurement","solution-discovery","awareness;consideration","website","section","Let buyers enter at the line stage where the issue occurs.","Let buyers enter at the line stage where the issue occurs.","find-by-production-stage","router-stage","one-time","1","signed-primary","yes","critical","specified","not-started","not-started","pending-puretronics-validation","not-started","unassigned","FA-0063","funnel-build/page-specs/wire-cable-industry-landing-page.md;data/notion-export/raw-page-fetches/internal-copy-annexure-a-funnel-architecture.json# 5. Wire & Cable Industry Landing Page","asset-class-section;channel-website;format-section;funnel-awareness;funnel-consideration;persona-maintenance-head;persona-plant-head;persona-production-manager;persona-purchase-procurement;persona-qa-qc-head;problem-solution-discovery;product-family-cross-family;readiness-specified;recurrence-one-time;scope-signed-primary;solution-cross-family;stage-cross-stage;validation-technical-required;workstream-website-experience","No additional note."
"FA-0067","FA-0063","Five-Product-Family overview section","section","section-product-family-overview","website-experience","cross-family","cross-family","not-applicable","cross-stage","plant-head;production-manager;qa-qc-head;maintenance-head;purchase-procurement","solution-discovery","awareness;consideration","website","section","Introduce the five grouped solution experiences.","Introduce the five grouped solution experiences.","find-the-right-solution","product-families","one-time","1","signed-primary","yes","critical","specified","not-started","not-started","pending-puretronics-validation","not-started","unassigned","FA-0063","funnel-build/page-specs/wire-cable-industry-landing-page.md;data/notion-export/raw-page-fetches/internal-copy-annexure-a-funnel-architecture.json# 5. Wire & Cable Industry Landing Page","asset-class-section;channel-website;format-section;funnel-awareness;funnel-consideration;persona-maintenance-head;persona-plant-head;persona-production-manager;persona-purchase-procurement;persona-qa-qc-head;problem-solution-discovery;product-family-cross-family;readiness-specified;recurrence-one-time;scope-signed-primary;solution-cross-family;stage-cross-stage;validation-technical-required;workstream-website-experience","No additional note."
"FA-0068","FA-0063","Signed product coverage strip","section","section-product-coverage","website-experience","cross-family","cross-family","not-applicable","cross-stage","plant-head;production-manager;qa-qc-head;maintenance-head;purchase-procurement","solution-discovery","awareness;consideration","website","section","Show signed products and variants without creating standalone product pages.","Show signed products and variants without creating standalone product pages.","request-product-recommendation","adaptive-requirement-form","one-time","1","signed-primary","yes","critical","specified","not-started","not-started","pending-puretronics-validation","not-started","unassigned","FA-0063","funnel-build/page-specs/wire-cable-industry-landing-page.md;data/notion-export/raw-page-fetches/internal-copy-annexure-a-funnel-architecture.json# 5. Wire & Cable Industry Landing Page","asset-class-section;channel-website;format-section;funnel-awareness;funnel-consideration;persona-maintenance-head;persona-plant-head;persona-production-manager;persona-purchase-procurement;persona-qa-qc-head;problem-solution-discovery;product-family-cross-family;readiness-specified;recurrence-one-time;scope-signed-primary;solution-cross-family;stage-cross-stage;validation-technical-required;workstream-website-experience","No additional note."
"FA-0069","FA-0063","Technical proof library access section","section","section-technical-proof-access","website-experience","cross-family","cross-family","not-applicable","cross-stage","plant-head;production-manager;qa-qc-head;maintenance-head;purchase-procurement","solution-discovery","awareness;consideration","website","section","Expose proof families and proof-pack request routes.","Expose proof families and proof-pack request routes.","request-datasheet-or-proof-pack","technical-library","one-time","1","signed-primary","yes","critical","specified","not-started","not-started","pending-puretronics-validation","not-started","unassigned","FA-0063","funnel-build/page-specs/wire-cable-industry-landing-page.md;data/notion-export/raw-page-fetches/internal-copy-annexure-a-funnel-architecture.json# 5. Wire & Cable Industry Landing Page","asset-class-section;channel-website;format-section;funnel-awareness;funnel-consideration;persona-maintenance-head;persona-plant-head;persona-production-manager;persona-purchase-procurement;persona-qa-qc-head;problem-solution-discovery;product-family-cross-family;readiness-specified;recurrence-one-time;scope-signed-primary;solution-cross-family;stage-cross-stage;validation-technical-required;workstream-website-experience","No additional note."
"FA-0070","FA-0063","Adaptive requirement form CTA section","section","section-adaptive-form-cta","website-experience","cross-family","cross-family","not-applicable","cross-stage","plant-head;production-manager;qa-qc-head;maintenance-head;purchase-procurement","solution-discovery","awareness;consideration","website","section","Separate sales, proof, service, and existing-customer entry paths.","Separate sales, proof, service, and existing-customer entry paths.","submit-technical-requirement","adaptive-requirement-form","one-time","1","signed-primary","yes","critical","specified","not-started","not-started","pending-puretronics-validation","not-started","unassigned","FA-0063","funnel-build/page-specs/wire-cable-industry-landing-page.md;data/notion-export/raw-page-fetches/internal-copy-annexure-a-funnel-architecture.json# 5. Wire & Cable Industry Landing Page","asset-class-section;channel-website;format-section;funnel-awareness;funnel-consideration;persona-maintenance-head;persona-plant-head;persona-production-manager;persona-purchase-procurement;persona-qa-qc-head;problem-solution-discovery;product-family-cross-family;readiness-specified;recurrence-one-time;scope-signed-primary;solution-cross-family;stage-cross-stage;validation-technical-required;workstream-website-experience","No additional note."
"FA-0071","FA-0063","Scope, approval, and change-control footer","section","section-governance-footer","governance","cross-family","cross-family","not-applicable","cross-stage","plant-head;production-manager;qa-qc-head;maintenance-head;purchase-procurement","scope-clarity","cross-funnel","website","section","Keep scope, validation, and approval rules visible.","Keep scope, validation, and approval rules visible.","not-applicable","governance","one-time","1","governance","yes","high","specified","not-started","not-started","not-required","not-started","unassigned","FA-0063","data/notion-export/raw-page-fetches/services-agreement-final-signature-copy.json# 8. Scope Control and Change Requests;docs/00-governance/exclusions-and-change-control.md","asset-class-section;channel-website;format-section;funnel-cross-funnel;persona-maintenance-head;persona-plant-head;persona-production-manager;persona-purchase-procurement;persona-qa-qc-head;problem-scope-clarity;product-family-cross-family;readiness-specified;recurrence-one-time;scope-governance;solution-cross-family;stage-cross-stage;validation-technical-not-required;workstream-governance","No additional note."
"FA-0072","FA-0065","Find by Problem router module","module","problem-router","website-experience","cross-family","cross-family","not-applicable","cross-stage","plant-head;production-manager;qa-qc-head;maintenance-head;purchase-procurement","solution-discovery","awareness;consideration","website","router","Provide a reusable buyer-navigation mode.","Find by Problem router module","find-by-problem","product-families","one-time","1","signed-primary","yes","critical","specified","not-started","not-started","pending-puretronics-validation","not-started","unassigned","not-applicable","data/notion-export/raw-page-fetches/internal-copy-annexure-a-funnel-architecture.json# 6. Three Buyer Navigation Modes;funnel-build/page-specs/wire-cable-industry-landing-page.md# Navigation Model","asset-class-module;channel-website;format-router;funnel-awareness;funnel-consideration;navigation-problem;persona-maintenance-head;persona-plant-head;persona-production-manager;persona-purchase-procurement;persona-qa-qc-head;problem-solution-discovery;product-family-cross-family;readiness-specified;recurrence-one-time;scope-signed-primary;solution-cross-family;stage-cross-stage;validation-technical-required;workstream-website-experience","No additional note."
"FA-0073","FA-0066","Find by Production Stage router module","module","production-stage-router","website-experience","cross-family","cross-family","not-applicable","cross-stage","plant-head;production-manager;qa-qc-head;maintenance-head;purchase-procurement","solution-discovery","awareness;consideration","website","router","Provide a reusable buyer-navigation mode.","Find by Production Stage router module","find-by-production-stage","product-families","one-time","1","signed-primary","yes","critical","specified","not-started","not-started","pending-puretronics-validation","not-started","unassigned","not-applicable","data/notion-export/raw-page-fetches/internal-copy-annexure-a-funnel-architecture.json# 6. Three Buyer Navigation Modes;funnel-build/page-specs/wire-cable-industry-landing-page.md# Navigation Model","asset-class-module;channel-website;format-router;funnel-awareness;funnel-consideration;navigation-stage;persona-maintenance-head;persona-plant-head;persona-production-manager;persona-purchase-procurement;persona-qa-qc-head;problem-solution-discovery;product-family-cross-family;readiness-specified;recurrence-one-time;scope-signed-primary;solution-cross-family;stage-cross-stage;validation-technical-required;workstream-website-experience","No additional note."
"FA-0074","FA-0067","Find by Product Family router module","module","product-family-router","website-experience","cross-family","cross-family","not-applicable","cross-stage","plant-head;production-manager;qa-qc-head;maintenance-head;purchase-procurement","solution-discovery","awareness;consideration","website","router","Provide a reusable buyer-navigation mode.","Find by Product Family router module","find-by-product-family","product-families","one-time","1","signed-primary","yes","critical","specified","not-started","not-started","pending-puretronics-validation","not-started","unassigned","not-applicable","data/notion-export/raw-page-fetches/internal-copy-annexure-a-funnel-architecture.json# 6. Three Buyer Navigation Modes;funnel-build/page-specs/wire-cable-industry-landing-page.md# Navigation Model","asset-class-module;channel-website;format-router;funnel-awareness;funnel-consideration;navigation-family;persona-maintenance-head;persona-plant-head;persona-production-manager;persona-purchase-procurement;persona-qa-qc-head;problem-solution-discovery;product-family-cross-family;readiness-specified;recurrence-one-time;scope-signed-primary;solution-cross-family;stage-cross-stage;validation-technical-required;workstream-website-experience","No additional note."
"FA-0075","FA-0067","Inline Measurement & Dimensional Control Product Family experience","module","product-family-experience","website-experience","inline-measurement-dimensional-control","inline-measurement-dimensional-control","LASER-2030;LASER-2060;LASER 2008B;LASER-2020H;LASER-2010H;Laser Diameter Gauge / LASER 2008;LASER-2030H;LASER-2012","online-measurement;extrusion-coating","plant-head;production-manager;qa-qc-head;rd-technical-team;purchase-procurement","diameter-variation","consideration;technical-evaluation;conversion","website","product-family-experience","Provide the grouped Inline Measurement & Dimensional Control buyer experience.","Connect problem, product scope, proof, and requirement capture without model-level page expansion.","request-measurement-recommendation","adaptive-requirement-form","one-time","1","signed-primary","yes","critical","specified","not-started","not-started","pending-puretronics-validation","not-started","unassigned","FA-0063;FA-0067","funnel-build/page-specs/five-product-families.md;data/notion-export/raw-page-fetches/internal-copy-annexure-a-funnel-architecture.json# 7. Five Product Families","asset-class-module;channel-website;format-product-family-experience;funnel-consideration;funnel-conversion;funnel-technical-evaluation;persona-plant-head;persona-production-manager;persona-purchase-procurement;persona-qa-qc-head;persona-rd-technical-team;problem-diameter-variation;product-family-inline-measurement-dimensional-control;product-model-laser-2008b;product-model-laser-2010h;product-model-laser-2012;product-model-laser-2020h;product-model-laser-2030;product-model-laser-2030h;product-model-laser-2060;product-model-laser-diameter-gauge-laser-2008;readiness-specified;recurrence-one-time;scope-signed-primary;solution-inline-measurement-dimensional-control;stage-extrusion-coating;stage-online-measurement;validation-technical-required;workstream-website-experience","No additional note."
"FA-0076","FA-0067","Inline Spark Testing & Insulation Fault Detection Product Family experience","module","product-family-experience","website-experience","inline-spark-testing-insulation-fault-detection","inline-spark-testing-insulation-fault-detection","Live Spark Tester;DC Spark Tester;Acute Spark Tester","spark-fault-inspection;inline-marking","plant-head;production-manager;qa-qc-head;rd-technical-team;purchase-procurement","insulation-faults","consideration;technical-evaluation;conversion","website","product-family-experience","Provide the grouped Inline Spark Testing & Insulation Fault Detection buyer experience.","Connect problem, product scope, proof, and requirement capture without model-level page expansion.","request-fault-detection-fit","adaptive-requirement-form","one-time","1","signed-primary","yes","critical","specified","not-started","not-started","pending-puretronics-validation","not-started","unassigned","FA-0063;FA-0067","funnel-build/page-specs/five-product-families.md;data/notion-export/raw-page-fetches/internal-copy-annexure-a-funnel-architecture.json# 7. Five Product Families","asset-class-module;channel-website;format-product-family-experience;funnel-consideration;funnel-conversion;funnel-technical-evaluation;persona-plant-head;persona-production-manager;persona-purchase-procurement;persona-qa-qc-head;persona-rd-technical-team;problem-insulation-faults;product-family-inline-spark-testing-insulation-fault-detection;product-model-acute-spark-tester;product-model-dc-spark-tester;product-model-live-spark-tester;readiness-specified;recurrence-one-time;scope-signed-primary;solution-inline-spark-testing-insulation-fault-detection;stage-inline-marking;stage-spark-fault-inspection;validation-technical-required;workstream-website-experience","No additional note."
"FA-0077","FA-0067","Cable Testing & Validation Product Family experience","module","product-family-experience","website-experience","cable-testing-validation","cable-testing-validation","AC HV Tester;DC HV Tester;Fire Resistance Cable Testing System","offline-hv-testing;fire-compliance-testing","plant-head;production-manager;qa-qc-head;rd-technical-team;purchase-procurement","hv-validation;fire-resistance-validation","consideration;technical-evaluation;conversion","website","product-family-experience","Provide the grouped Cable Testing & Validation buyer experience, with fire resistance retained as a specialized Solution Theme.","Connect problem, product scope, proof, and requirement capture without model-level page expansion.","discuss-cable-testing-requirement","adaptive-requirement-form","one-time","1","signed-primary","yes","critical","specified","not-started","not-started","pending-puretronics-validation","not-started","unassigned","FA-0063;FA-0067","funnel-build/page-specs/five-product-families.md;data/notion-export/raw-page-fetches/internal-copy-annexure-a-funnel-architecture.json# 7. Five Product Families","asset-class-module;channel-website;format-product-family-experience;funnel-consideration;funnel-conversion;funnel-technical-evaluation;persona-plant-head;persona-production-manager;persona-purchase-procurement;persona-qa-qc-head;persona-rd-technical-team;problem-fire-resistance-validation;problem-hv-validation;product-family-cable-testing-validation;product-model-ac-hv-tester;product-model-dc-hv-tester;product-model-fire-resistance-cable-testing-system;readiness-specified;recurrence-one-time;scope-signed-primary;solution-cable-testing-validation;stage-fire-compliance-testing;stage-offline-hv-testing;validation-technical-required;workstream-website-experience","No additional note."
"FA-0078","FA-0077","Fire Resistance & Circuit Integrity specialized proof module","module","solution-theme-module","website-experience","cable-testing-validation","cable-testing-validation","Fire Resistance Cable Testing System","fire-compliance-testing","plant-head;production-manager;qa-qc-head;rd-technical-team;purchase-procurement","fire-resistance-validation","consideration;technical-evaluation;conversion","website","application-explainer","Provide the specialized fire-resistance proof experience within PF-03 Cable Testing & Validation.","Keep fire resistance visible as a technically distinct theme without treating it as a top-level Product Family.","discuss-fire-resistance-testing-requirement","adaptive-requirement-form","one-time","1","signed-primary","yes","critical","specified","not-started","not-started","pending-puretronics-validation","not-started","unassigned","FA-0063;FA-0067","funnel-build/page-specs/five-product-families.md;data/notion-export/raw-page-fetches/internal-copy-annexure-a-funnel-architecture.json# 7. Five Product Families","asset-class-module;channel-website;format-application-explainer;funnel-consideration;funnel-conversion;funnel-technical-evaluation;persona-plant-head;persona-production-manager;persona-purchase-procurement;persona-qa-qc-head;persona-rd-technical-team;problem-fire-resistance-validation;product-family-cable-testing-validation;product-model-fire-resistance-cable-testing-system;readiness-specified;recurrence-one-time;scope-signed-primary;solution-cable-testing-validation;stage-fire-compliance-testing;validation-technical-required;workstream-website-experience","No additional note."
"FA-0079","FA-0067","Process Equipment & Line Auxiliaries Product Family experience","module","product-family-experience","website-experience","process-equipment-line-auxiliaries","process-equipment-line-auxiliaries","Inline Induction Wire Preheater - 1000 m/min;Inline Induction Wire Preheater - 1500 m/min;Inline Induction Wire Preheater - 2000 m/min;LSP-G1 Static Powder Applicator;LSP-G2 Static Powder Applicator;Butt Welding Machine","joining-butt-welding;pre-extrusion-preheating;powdering-talc-application","plant-head;production-manager;maintenance-head;automation-engineer;oem-integrator","conductor-preheating;powder-adhesion;welding-splicing","consideration;technical-evaluation;conversion","website","product-family-experience","Provide the grouped Process Equipment & Line Auxiliaries buyer experience.","Connect problem, product scope, proof, and requirement capture without model-level page expansion.","share-process-equipment-requirement","adaptive-requirement-form","one-time","1","signed-primary","yes","critical","specified","not-started","not-started","pending-puretronics-validation","not-started","unassigned","FA-0063;FA-0067","funnel-build/page-specs/five-product-families.md;data/notion-export/raw-page-fetches/internal-copy-annexure-a-funnel-architecture.json# 7. Five Product Families","asset-class-module;channel-website;format-product-family-experience;funnel-consideration;funnel-conversion;funnel-technical-evaluation;persona-automation-engineer;persona-maintenance-head;persona-oem-integrator;persona-plant-head;persona-production-manager;problem-conductor-preheating;problem-powder-adhesion;problem-welding-splicing;product-family-process-equipment-line-auxiliaries;product-model-butt-welding-machine;product-model-inline-induction-wire-preheater-1000-m-min;product-model-inline-induction-wire-preheater-1500-m-min;product-model-inline-induction-wire-preheater-2000-m-min;product-model-lsp-g1-static-powder-applicator;product-model-lsp-g2-static-powder-applicator;readiness-specified;recurrence-one-time;scope-signed-primary;solution-process-equipment-line-auxiliaries;stage-joining-butt-welding;stage-powdering-talc-application;stage-pre-extrusion-preheating;validation-technical-required;workstream-website-experience","No additional note."
"FA-0080","FA-0070","Submit technical requirement CTA","module","cta-component","website-experience","cross-family","cross-family","not-applicable","cross-stage","plant-head;production-manager;qa-qc-head;maintenance-head;purchase-procurement;service-user","sales-enquiry","consideration;conversion;retention-expansion","website","cta","Provide a reusable, trackable conversion action.","Submit technical requirement CTA","submit-technical-requirement","adaptive-requirement-form","one-time","1","signed-primary","yes","high","specified","not-started","not-started","not-required","not-started","unassigned","not-applicable","funnel-build/page-specs/wire-cable-industry-landing-page.md# CTA Model;funnel-build/forms-and-routing/adaptive-requirement-form-routing.md# Form Entry Paths","asset-class-module;channel-website;format-cta;funnel-consideration;funnel-conversion;funnel-retention-expansion;persona-maintenance-head;persona-plant-head;persona-production-manager;persona-purchase-procurement;persona-qa-qc-head;persona-service-user;problem-sales-enquiry;product-family-cross-family;readiness-specified;recurrence-one-time;scope-signed-primary;solution-cross-family;stage-cross-stage;validation-technical-not-required;workstream-website-experience","No additional note."
"FA-0081","FA-0070","Request datasheet or proof pack CTA","module","cta-component","website-experience","cross-family","cross-family","not-applicable","cross-stage","plant-head;production-manager;qa-qc-head;maintenance-head;purchase-procurement;service-user","technical-proof-request","consideration;conversion;retention-expansion","website","cta","Provide a reusable, trackable conversion action.","Request datasheet or proof pack CTA","request-datasheet-or-proof-pack","form-path-proof-request","one-time","1","signed-primary","yes","high","specified","not-started","not-started","not-required","not-started","unassigned","not-applicable","funnel-build/page-specs/wire-cable-industry-landing-page.md# CTA Model;funnel-build/forms-and-routing/adaptive-requirement-form-routing.md# Form Entry Paths","asset-class-module;channel-website;format-cta;funnel-consideration;funnel-conversion;funnel-retention-expansion;persona-maintenance-head;persona-plant-head;persona-production-manager;persona-purchase-procurement;persona-qa-qc-head;persona-service-user;problem-technical-proof-request;product-family-cross-family;readiness-specified;recurrence-one-time;scope-signed-primary;solution-cross-family;stage-cross-stage;validation-technical-not-required;workstream-website-experience","No additional note."
"FA-0082","FA-0070","Raise service/support requirement CTA","module","cta-component","website-experience","cross-family","cross-family","not-applicable","cross-stage","plant-head;production-manager;qa-qc-head;maintenance-head;purchase-procurement;service-user","service-support","consideration;conversion;retention-expansion","website","cta","Provide a reusable, trackable conversion action.","Raise service/support requirement CTA","raise-service-support-requirement","form-path-service-support","one-time","1","signed-primary","yes","high","specified","not-started","not-started","not-required","not-started","unassigned","not-applicable","funnel-build/page-specs/wire-cable-industry-landing-page.md# CTA Model;funnel-build/forms-and-routing/adaptive-requirement-form-routing.md# Form Entry Paths","asset-class-module;channel-website;format-cta;funnel-consideration;funnel-conversion;funnel-retention-expansion;persona-maintenance-head;persona-plant-head;persona-production-manager;persona-purchase-procurement;persona-qa-qc-head;persona-service-user;problem-service-support;product-family-cross-family;readiness-specified;recurrence-one-time;scope-signed-primary;solution-cross-family;stage-cross-stage;validation-technical-not-required;workstream-website-experience","No additional note."
"FA-0083","FA-0070","Existing customer expansion CTA","module","cta-component","website-experience","cross-family","cross-family","not-applicable","cross-stage","plant-head;production-manager;qa-qc-head;maintenance-head;purchase-procurement;service-user","existing-customer-expansion","consideration;conversion;retention-expansion","website","cta","Provide a reusable, trackable conversion action.","Existing customer expansion CTA","submit-existing-customer-requirement","form-path-existing-customer","one-time","1","signed-primary","yes","high","specified","not-started","not-started","not-required","not-started","unassigned","not-applicable","funnel-build/page-specs/wire-cable-industry-landing-page.md# CTA Model;funnel-build/forms-and-routing/adaptive-requirement-form-routing.md# Form Entry Paths","asset-class-module;channel-website;format-cta;funnel-consideration;funnel-conversion;funnel-retention-expansion;persona-maintenance-head;persona-plant-head;persona-production-manager;persona-purchase-procurement;persona-qa-qc-head;persona-service-user;problem-existing-customer-expansion;product-family-cross-family;readiness-specified;recurrence-one-time;scope-signed-primary;solution-cross-family;stage-cross-stage;validation-technical-not-required;workstream-website-experience","No additional note."
"FA-0084","FA-0064","Find the right solution CTA","module","cta-component","website-experience","cross-family","cross-family","not-applicable","cross-stage","plant-head;production-manager;qa-qc-head;maintenance-head;purchase-procurement;service-user","solution-discovery","consideration;conversion;retention-expansion","website","cta","Provide a reusable, trackable conversion action.","Find the right solution CTA","find-the-right-solution","router-problem","one-time","1","signed-primary","yes","high","specified","not-started","not-started","not-required","not-started","unassigned","not-applicable","funnel-build/page-specs/wire-cable-industry-landing-page.md# CTA Model;funnel-build/forms-and-routing/adaptive-requirement-form-routing.md# Form Entry Paths","asset-class-module;channel-website;format-cta;funnel-consideration;funnel-conversion;funnel-retention-expansion;persona-maintenance-head;persona-plant-head;persona-production-manager;persona-purchase-procurement;persona-qa-qc-head;persona-service-user;problem-solution-discovery;product-family-cross-family;readiness-specified;recurrence-one-time;scope-signed-primary;solution-cross-family;stage-cross-stage;validation-technical-not-required;workstream-website-experience","No additional note."
"FA-0085","","Technical Library and proof hub","page","technical-library-hub","technical-library","cross-family","cross-family","not-applicable","cross-stage","plant-head;production-manager;qa-qc-head;maintenance-head;automation-engineer;purchase-procurement;rd-technical-team","technical-confidence","consideration;technical-evaluation","technical-library","page","Organize technical proof for evaluation and sales follow-up.","Buyer-enablement layer, not a passive document dump.","request-datasheet-or-proof-pack","form-path-proof-request","one-time","1","signed-primary","yes","critical","specified","not-started","not-started","pending-puretronics-validation","not-started","unassigned","FA-0063","funnel-build/technical-library/proof-stack.md;data/notion-export/raw-page-fetches/internal-copy-annexure-a-funnel-architecture.json# 10. Proof & Technical Confidence Layer","asset-class-page;channel-technical-library;format-page;funnel-consideration;funnel-technical-evaluation;persona-automation-engineer;persona-maintenance-head;persona-plant-head;persona-production-manager;persona-purchase-procurement;persona-qa-qc-head;persona-rd-technical-team;problem-technical-confidence;product-family-cross-family;readiness-specified;recurrence-one-time;scope-signed-primary;solution-cross-family;stage-cross-stage;validation-technical-required;workstream-technical-library","No additional note."
"FA-0086","FA-0085","Inline Measurement datasheet set","proof-asset","datasheet-set","technical-library","inline-measurement-dimensional-control","inline-measurement-dimensional-control","LASER-2030;LASER-2060;LASER 2008B;LASER-2020H;LASER-2010H;Laser Diameter Gauge / LASER 2008;LASER-2030H;LASER-2012","online-measurement","plant-head;production-manager;qa-qc-head;maintenance-head;automation-engineer;purchase-procurement;rd-technical-team;sales-engineer","diameter-variation","consideration;technical-evaluation;commercial-discussion","technical-library","datasheet-set","Provide product-level technical reference for the covered LASER range.","Provide product-level technical reference for the covered LASER range.","request-datasheet-or-proof-pack","adaptive-requirement-form","one-time","1","signed-primary","yes","high","specified","not-started","not-started","pending-puretronics-validation","not-started","unassigned","FA-0085;FA-0075","funnel-build/page-specs/five-product-families.md# Required proof stack;funnel-build/technical-library/proof-stack.md# Product-Family Mapping","asset-class-proof-asset;channel-technical-library;format-datasheet-set;funnel-commercial-discussion;funnel-consideration;funnel-technical-evaluation;persona-automation-engineer;persona-maintenance-head;persona-plant-head;persona-production-manager;persona-purchase-procurement;persona-qa-qc-head;persona-rd-technical-team;persona-sales-engineer;problem-diameter-variation;product-family-inline-measurement-dimensional-control;product-model-laser-2008b;product-model-laser-2010h;product-model-laser-2012;product-model-laser-2020h;product-model-laser-2030;product-model-laser-2030h;product-model-laser-2060;product-model-laser-diameter-gauge-laser-2008;readiness-specified;recurrence-one-time;scope-signed-primary;solution-inline-measurement-dimensional-control;stage-online-measurement;validation-technical-required;workstream-technical-library","No additional note."
"FA-0087","FA-0085","LASER model comparison table","proof-asset","comparison-table","technical-library","inline-measurement-dimensional-control","inline-measurement-dimensional-control","LASER-2030;LASER-2060;LASER 2008B;LASER-2020H;LASER-2010H;Laser Diameter Gauge / LASER 2008;LASER-2030H;LASER-2012","online-measurement;extrusion-coating","plant-head;production-manager;qa-qc-head;maintenance-head;automation-engineer;purchase-procurement;rd-technical-team;sales-engineer","model-selection","consideration;technical-evaluation;commercial-discussion","technical-library","comparison-table","Compare covered LASER models and variants without a selector tool.","Compare covered LASER models and variants without a selector tool.","submit-technical-requirement","adaptive-requirement-form","one-time","1","signed-primary","yes","high","specified","not-started","not-started","pending-puretronics-validation","not-started","unassigned","FA-0085;FA-0075","funnel-build/page-specs/five-product-families.md# Required proof stack;funnel-build/technical-library/proof-stack.md# Product-Family Mapping","asset-class-proof-asset;channel-technical-library;format-comparison-table;funnel-commercial-discussion;funnel-consideration;funnel-technical-evaluation;persona-automation-engineer;persona-maintenance-head;persona-plant-head;persona-production-manager;persona-purchase-procurement;persona-qa-qc-head;persona-rd-technical-team;persona-sales-engineer;problem-model-selection;product-family-inline-measurement-dimensional-control;product-model-laser-2008b;product-model-laser-2010h;product-model-laser-2012;product-model-laser-2020h;product-model-laser-2030;product-model-laser-2030h;product-model-laser-2060;product-model-laser-diameter-gauge-laser-2008;readiness-specified;recurrence-one-time;scope-signed-primary;solution-inline-measurement-dimensional-control;stage-extrusion-coating;stage-online-measurement;validation-technical-required;workstream-technical-library","No additional note."
"FA-0088","FA-0085","Inline measurement and dimensional-control application explainer","proof-asset","application-explainer","technical-library","inline-measurement-dimensional-control","inline-measurement-dimensional-control","LASER-2030;LASER-2060;LASER 2008B;LASER-2020H;LASER-2010H;Laser Diameter Gauge / LASER 2008;LASER-2030H;LASER-2012","extrusion-coating;online-measurement","plant-head;production-manager;qa-qc-head;maintenance-head;automation-engineer;purchase-procurement;rd-technical-team;sales-engineer","diameter-variation","consideration;technical-evaluation;commercial-discussion","technical-library","application-explainer","Explain inline measurement placement and dimensional-control use cases.","Explain inline measurement placement and dimensional-control use cases.","submit-technical-requirement","adaptive-requirement-form","one-time","1","signed-primary","yes","high","specified","not-applicable","not-started","pending-puretronics-validation","not-started","unassigned","FA-0085;FA-0075","funnel-build/page-specs/five-product-families.md# Required proof stack;funnel-build/technical-library/proof-stack.md# Product-Family Mapping","asset-class-proof-asset;channel-technical-library;format-application-explainer;funnel-commercial-discussion;funnel-consideration;funnel-technical-evaluation;persona-automation-engineer;persona-maintenance-head;persona-plant-head;persona-production-manager;persona-purchase-procurement;persona-qa-qc-head;persona-rd-technical-team;persona-sales-engineer;problem-diameter-variation;product-family-inline-measurement-dimensional-control;product-model-laser-2008b;product-model-laser-2010h;product-model-laser-2012;product-model-laser-2020h;product-model-laser-2030;product-model-laser-2030h;product-model-laser-2060;product-model-laser-diameter-gauge-laser-2008;readiness-specified;recurrence-one-time;scope-signed-primary;solution-inline-measurement-dimensional-control;stage-extrusion-coating;stage-online-measurement;validation-technical-required;workstream-technical-library","No additional note."
"FA-0089","FA-0085","Inline measurement production-stage diagram","proof-asset","production-stage-diagram","technical-library","inline-measurement-dimensional-control","inline-measurement-dimensional-control","LASER-2030;LASER-2060;LASER 2008B;LASER-2020H;LASER-2010H;Laser Diameter Gauge / LASER 2008;LASER-2030H;LASER-2012","extrusion-coating;cooling;online-measurement","plant-head;production-manager;qa-qc-head;maintenance-head;automation-engineer;purchase-procurement;rd-technical-team;sales-engineer","installation-context","consideration;technical-evaluation;commercial-discussion","technical-library","production-stage-diagram","Show the contextual placement of inline measurement in the cable line.","Show the contextual placement of inline measurement in the cable line.","request-datasheet-or-proof-pack","adaptive-requirement-form","one-time","1","signed-primary","yes","high","specified","not-started","not-started","pending-puretronics-validation","not-started","unassigned","FA-0085;FA-0075","funnel-build/page-specs/five-product-families.md# Required proof stack;funnel-build/technical-library/proof-stack.md# Product-Family Mapping","asset-class-proof-asset;channel-technical-library;format-production-stage-diagram;funnel-commercial-discussion;funnel-consideration;funnel-technical-evaluation;persona-automation-engineer;persona-maintenance-head;persona-plant-head;persona-production-manager;persona-purchase-procurement;persona-qa-qc-head;persona-rd-technical-team;persona-sales-engineer;problem-installation-context;product-family-inline-measurement-dimensional-control;product-model-laser-2008b;product-model-laser-2010h;product-model-laser-2012;product-model-laser-2020h;product-model-laser-2030;product-model-laser-2030h;product-model-laser-2060;product-model-laser-diameter-gauge-laser-2008;readiness-specified;recurrence-one-time;scope-signed-primary;solution-inline-measurement-dimensional-control;stage-cooling;stage-extrusion-coating;stage-online-measurement;validation-technical-required;workstream-technical-library","No additional note."
"FA-0090","FA-0085","LASER output, display, software, and integration notes","proof-asset","integration-note","technical-library","inline-measurement-dimensional-control","inline-measurement-dimensional-control","Laser / Measurement Accessories Group","data-reporting-layer;online-measurement","plant-head;production-manager;qa-qc-head;maintenance-head;automation-engineer;purchase-procurement;rd-technical-team;sales-engineer","integration-requirement","consideration;technical-evaluation;commercial-discussion","technical-library","integration-note","Clarify outputs and integration context subject to model validation.","Clarify outputs and integration context subject to model validation.","submit-technical-requirement","adaptive-requirement-form","one-time","1","covered-support","yes","high","specified","not-applicable","not-started","pending-puretronics-validation","not-started","unassigned","FA-0085;FA-0075","funnel-build/page-specs/five-product-families.md# Required proof stack;funnel-build/technical-library/proof-stack.md# Product-Family Mapping","asset-class-proof-asset;channel-technical-library;format-integration-note;funnel-commercial-discussion;funnel-consideration;funnel-technical-evaluation;persona-automation-engineer;persona-maintenance-head;persona-plant-head;persona-production-manager;persona-purchase-procurement;persona-qa-qc-head;persona-rd-technical-team;persona-sales-engineer;problem-integration-requirement;product-family-inline-measurement-dimensional-control;product-model-laser-measurement-accessories-group;readiness-specified;recurrence-one-time;scope-covered-support;solution-inline-measurement-dimensional-control;stage-data-reporting-layer;stage-online-measurement;validation-technical-required;workstream-technical-library","Contextual support asset only; not a standalone support-item page, campaign, form, or automation."
"FA-0091","FA-0085","Inline Measurement FAQ group","proof-asset","faq-group","technical-library","inline-measurement-dimensional-control","inline-measurement-dimensional-control","LASER-2030;LASER-2060;LASER 2008B;LASER-2020H;LASER-2010H;Laser Diameter Gauge / LASER 2008;LASER-2030H;LASER-2012","online-measurement","plant-head;production-manager;qa-qc-head;maintenance-head;automation-engineer;purchase-procurement;rd-technical-team;sales-engineer","diameter-variation;model-selection;installation-context","consideration;technical-evaluation;commercial-discussion","technical-library","faq-group","Answer recurring diameter, model, output, software, and installation questions.","Answer recurring diameter, model, output, software, and installation questions.","submit-technical-requirement","adaptive-requirement-form","one-time","1","signed-primary","yes","high","specified","not-applicable","not-started","pending-puretronics-validation","not-started","unassigned","FA-0085;FA-0075","funnel-build/page-specs/five-product-families.md# Required proof stack;funnel-build/technical-library/proof-stack.md# Product-Family Mapping","asset-class-proof-asset;channel-technical-library;format-faq-group;funnel-commercial-discussion;funnel-consideration;funnel-technical-evaluation;persona-automation-engineer;persona-maintenance-head;persona-plant-head;persona-production-manager;persona-purchase-procurement;persona-qa-qc-head;persona-rd-technical-team;persona-sales-engineer;problem-diameter-variation;problem-installation-context;problem-model-selection;product-family-inline-measurement-dimensional-control;product-model-laser-2008b;product-model-laser-2010h;product-model-laser-2012;product-model-laser-2020h;product-model-laser-2030;product-model-laser-2030h;product-model-laser-2060;product-model-laser-diameter-gauge-laser-2008;readiness-specified;recurrence-one-time;scope-signed-primary;solution-inline-measurement-dimensional-control;stage-online-measurement;validation-technical-required;workstream-technical-library","No additional note."
"FA-0092","FA-0085","Live, Acute, and DC Spark comparison table","proof-asset","comparison-table","technical-library","inline-spark-testing-insulation-fault-detection","inline-spark-testing-insulation-fault-detection","Live Spark Tester;DC Spark Tester;Acute Spark Tester","spark-fault-inspection","plant-head;production-manager;qa-qc-head;maintenance-head;automation-engineer;purchase-procurement;rd-technical-team;sales-engineer","model-selection","consideration;technical-evaluation;commercial-discussion","technical-library","comparison-table","Compare the three signed spark-testing products.","Compare the three signed spark-testing products.","submit-technical-requirement","adaptive-requirement-form","one-time","1","signed-primary","yes","high","specified","not-started","not-started","pending-puretronics-validation","not-started","unassigned","FA-0085;FA-0076","funnel-build/page-specs/five-product-families.md# Required proof stack;funnel-build/technical-library/proof-stack.md# Product-Family Mapping","asset-class-proof-asset;channel-technical-library;format-comparison-table;funnel-commercial-discussion;funnel-consideration;funnel-technical-evaluation;persona-automation-engineer;persona-maintenance-head;persona-plant-head;persona-production-manager;persona-purchase-procurement;persona-qa-qc-head;persona-rd-technical-team;persona-sales-engineer;problem-model-selection;product-family-inline-spark-testing-insulation-fault-detection;product-model-acute-spark-tester;product-model-dc-spark-tester;product-model-live-spark-tester;readiness-specified;recurrence-one-time;scope-signed-primary;solution-inline-spark-testing-insulation-fault-detection;stage-spark-fault-inspection;validation-technical-required;workstream-technical-library","No additional note."
"FA-0093","FA-0085","Insulation fault-detection application explainer","proof-asset","application-explainer","technical-library","inline-spark-testing-insulation-fault-detection","inline-spark-testing-insulation-fault-detection","Live Spark Tester;DC Spark Tester;Acute Spark Tester","spark-fault-inspection","plant-head;production-manager;qa-qc-head;maintenance-head;automation-engineer;purchase-procurement;rd-technical-team;sales-engineer","insulation-faults","consideration;technical-evaluation;commercial-discussion","technical-library","application-explainer","Explain inline insulation fault detection and production context.","Explain inline insulation fault detection and production context.","submit-technical-requirement","adaptive-requirement-form","one-time","1","signed-primary","yes","high","specified","not-applicable","not-started","pending-puretronics-validation","not-started","unassigned","FA-0085;FA-0076","funnel-build/page-specs/five-product-families.md# Required proof stack;funnel-build/technical-library/proof-stack.md# Product-Family Mapping","asset-class-proof-asset;channel-technical-library;format-application-explainer;funnel-commercial-discussion;funnel-consideration;funnel-technical-evaluation;persona-automation-engineer;persona-maintenance-head;persona-plant-head;persona-production-manager;persona-purchase-procurement;persona-qa-qc-head;persona-rd-technical-team;persona-sales-engineer;problem-insulation-faults;product-family-inline-spark-testing-insulation-fault-detection;product-model-acute-spark-tester;product-model-dc-spark-tester;product-model-live-spark-tester;readiness-specified;recurrence-one-time;scope-signed-primary;solution-inline-spark-testing-insulation-fault-detection;stage-spark-fault-inspection;validation-technical-required;workstream-technical-library","No additional note."
"FA-0094","FA-0085","Spark testing standards and testing-context note","proof-asset","standards-note","technical-library","inline-spark-testing-insulation-fault-detection","inline-spark-testing-insulation-fault-detection","Live Spark Tester;DC Spark Tester;Acute Spark Tester","spark-fault-inspection","plant-head;production-manager;qa-qc-head;maintenance-head;automation-engineer;purchase-procurement;rd-technical-team;sales-engineer","testing-context","consideration;technical-evaluation;commercial-discussion","technical-library","standards-note","Provide standards context only after Puretronics validation.","Provide standards context only after Puretronics validation.","submit-technical-requirement","adaptive-requirement-form","one-time","1","signed-primary","yes","high","specified","not-applicable","not-started","pending-puretronics-validation","not-started","unassigned","FA-0085;FA-0076","funnel-build/page-specs/five-product-families.md# Required proof stack;funnel-build/technical-library/proof-stack.md# Product-Family Mapping","asset-class-proof-asset;channel-technical-library;format-standards-note;funnel-commercial-discussion;funnel-consideration;funnel-technical-evaluation;persona-automation-engineer;persona-maintenance-head;persona-plant-head;persona-production-manager;persona-purchase-procurement;persona-qa-qc-head;persona-rd-technical-team;persona-sales-engineer;problem-testing-context;product-family-inline-spark-testing-insulation-fault-detection;product-model-acute-spark-tester;product-model-dc-spark-tester;product-model-live-spark-tester;readiness-specified;recurrence-one-time;scope-signed-primary;solution-inline-spark-testing-insulation-fault-detection;stage-spark-fault-inspection;validation-technical-required;workstream-technical-library","No additional note."
"FA-0095","FA-0085","Spark tester output and fault-intelligence support notes","proof-asset","integration-note","technical-library","inline-spark-testing-insulation-fault-detection","inline-spark-testing-insulation-fault-detection","Spark Tester IoT Stage 1 Fault Interface;Spark Tester IoT Stage 2 Data Logging & Graphics;Spark Tester IoT Stage 3 Inline Marking System","spark-fault-inspection;inline-marking;data-reporting-layer","plant-head;production-manager;qa-qc-head;maintenance-head;automation-engineer;purchase-procurement;rd-technical-team;sales-engineer","fault-traceability","consideration;technical-evaluation;commercial-discussion","technical-library","integration-note","Explain support-only logging, graphics, interface, and marking context.","Explain support-only logging, graphics, interface, and marking context.","submit-technical-requirement","adaptive-requirement-form","one-time","1","covered-support","yes","high","specified","not-applicable","not-started","pending-puretronics-validation","not-started","unassigned","FA-0085;FA-0076","funnel-build/page-specs/five-product-families.md# Required proof stack;funnel-build/technical-library/proof-stack.md# Product-Family Mapping","asset-class-proof-asset;channel-technical-library;format-integration-note;funnel-commercial-discussion;funnel-consideration;funnel-technical-evaluation;persona-automation-engineer;persona-maintenance-head;persona-plant-head;persona-production-manager;persona-purchase-procurement;persona-qa-qc-head;persona-rd-technical-team;persona-sales-engineer;problem-fault-traceability;product-family-inline-spark-testing-insulation-fault-detection;product-model-spark-tester-iot-stage-1-fault-interface;product-model-spark-tester-iot-stage-2-data-logging-and-graphics;product-model-spark-tester-iot-stage-3-inline-marking-system;readiness-specified;recurrence-one-time;scope-covered-support;solution-inline-spark-testing-insulation-fault-detection;stage-data-reporting-layer;stage-inline-marking;stage-spark-fault-inspection;validation-technical-required;workstream-technical-library","Contextual support asset only; not a standalone support-item page, campaign, form, or automation."
"FA-0096","FA-0085","Spark sensitivity calibration support note","proof-asset","service-proof","technical-library","inline-spark-testing-insulation-fault-detection","inline-spark-testing-insulation-fault-detection","Spark Tester Sensitivity Calibrator","calibration-support","plant-head;production-manager;qa-qc-head;maintenance-head;automation-engineer;purchase-procurement;rd-technical-team;sales-engineer","calibration-support","consideration;technical-evaluation;commercial-discussion","technical-library","service-proof","Explain calibrator relevance as support context only.","Explain calibrator relevance as support context only.","raise-service-support-requirement","form-path-service-support","one-time","1","covered-support","yes","high","specified","not-applicable","not-started","pending-puretronics-validation","not-started","unassigned","FA-0085;FA-0076","funnel-build/page-specs/five-product-families.md# Required proof stack;funnel-build/technical-library/proof-stack.md# Product-Family Mapping","asset-class-proof-asset;channel-technical-library;format-service-proof;funnel-commercial-discussion;funnel-consideration;funnel-technical-evaluation;persona-automation-engineer;persona-maintenance-head;persona-plant-head;persona-production-manager;persona-purchase-procurement;persona-qa-qc-head;persona-rd-technical-team;persona-sales-engineer;problem-calibration-support;product-family-inline-spark-testing-insulation-fault-detection;product-model-spark-tester-sensitivity-calibrator;readiness-specified;recurrence-one-time;scope-covered-support;solution-inline-spark-testing-insulation-fault-detection;stage-calibration-support;validation-technical-required;workstream-technical-library","Contextual support asset only; not a standalone support-item page, campaign, form, or automation."
"FA-0097","FA-0085","Spark Testing FAQ group","proof-asset","faq-group","technical-library","inline-spark-testing-insulation-fault-detection","inline-spark-testing-insulation-fault-detection","Live Spark Tester;DC Spark Tester;Acute Spark Tester","spark-fault-inspection;calibration-support","plant-head;production-manager;qa-qc-head;maintenance-head;automation-engineer;purchase-procurement;rd-technical-team;sales-engineer","insulation-faults;model-selection;service-support","consideration;technical-evaluation;commercial-discussion","technical-library","faq-group","Answer voltage, marking, logging, calibration, and service-routing questions.","Answer voltage, marking, logging, calibration, and service-routing questions.","submit-technical-requirement","adaptive-requirement-form","one-time","1","signed-primary","yes","high","specified","not-applicable","not-started","pending-puretronics-validation","not-started","unassigned","FA-0085;FA-0076","funnel-build/page-specs/five-product-families.md# Required proof stack;funnel-build/technical-library/proof-stack.md# Product-Family Mapping","asset-class-proof-asset;channel-technical-library;format-faq-group;funnel-commercial-discussion;funnel-consideration;funnel-technical-evaluation;persona-automation-engineer;persona-maintenance-head;persona-plant-head;persona-production-manager;persona-purchase-procurement;persona-qa-qc-head;persona-rd-technical-team;persona-sales-engineer;problem-insulation-faults;problem-model-selection;problem-service-support;product-family-inline-spark-testing-insulation-fault-detection;product-model-acute-spark-tester;product-model-dc-spark-tester;product-model-live-spark-tester;readiness-specified;recurrence-one-time;scope-signed-primary;solution-inline-spark-testing-insulation-fault-detection;stage-calibration-support;stage-spark-fault-inspection;validation-technical-required;workstream-technical-library","No additional note."
"FA-0098","FA-0085","AC versus DC HV comparison table","proof-asset","comparison-table","technical-library","cable-testing-validation","cable-testing-validation","AC HV Tester;DC HV Tester","offline-hv-testing","plant-head;production-manager;qa-qc-head;maintenance-head;automation-engineer;purchase-procurement;rd-technical-team;sales-engineer","model-selection","consideration;technical-evaluation;commercial-discussion","technical-library","comparison-table","Distinguish AC and DC finished-cable validation contexts.","Distinguish AC and DC finished-cable validation contexts.","submit-technical-requirement","adaptive-requirement-form","one-time","1","signed-primary","yes","high","specified","not-started","not-started","pending-puretronics-validation","not-started","unassigned","FA-0085;FA-0077","funnel-build/page-specs/five-product-families.md# Required proof stack;funnel-build/technical-library/proof-stack.md# Product-Family Mapping","asset-class-proof-asset;channel-technical-library;format-comparison-table;funnel-commercial-discussion;funnel-consideration;funnel-technical-evaluation;persona-automation-engineer;persona-maintenance-head;persona-plant-head;persona-production-manager;persona-purchase-procurement;persona-qa-qc-head;persona-rd-technical-team;persona-sales-engineer;problem-model-selection;product-family-cable-testing-validation;product-model-ac-hv-tester;product-model-dc-hv-tester;readiness-specified;recurrence-one-time;scope-signed-primary;solution-cable-testing-validation;stage-offline-hv-testing;validation-technical-required;workstream-technical-library","No additional note."
"FA-0099","FA-0085","Finished-cable HV validation application explainer","proof-asset","application-explainer","technical-library","cable-testing-validation","cable-testing-validation","AC HV Tester;DC HV Tester","offline-hv-testing","plant-head;production-manager;qa-qc-head;maintenance-head;automation-engineer;purchase-procurement;rd-technical-team;sales-engineer","hv-validation","consideration;technical-evaluation;commercial-discussion","technical-library","application-explainer","Explain controlled offline cable validation context.","Explain controlled offline cable validation context.","submit-technical-requirement","adaptive-requirement-form","one-time","1","signed-primary","yes","high","specified","not-applicable","not-started","pending-puretronics-validation","not-started","unassigned","FA-0085;FA-0077","funnel-build/page-specs/five-product-families.md# Required proof stack;funnel-build/technical-library/proof-stack.md# Product-Family Mapping","asset-class-proof-asset;channel-technical-library;format-application-explainer;funnel-commercial-discussion;funnel-consideration;funnel-technical-evaluation;persona-automation-engineer;persona-maintenance-head;persona-plant-head;persona-production-manager;persona-purchase-procurement;persona-qa-qc-head;persona-rd-technical-team;persona-sales-engineer;problem-hv-validation;product-family-cable-testing-validation;product-model-ac-hv-tester;product-model-dc-hv-tester;readiness-specified;recurrence-one-time;scope-signed-primary;solution-cable-testing-validation;stage-offline-hv-testing;validation-technical-required;workstream-technical-library","No additional note."
"FA-0100","FA-0085","HV testing standards-context note","proof-asset","standards-note","technical-library","cable-testing-validation","cable-testing-validation","AC HV Tester;DC HV Tester","offline-hv-testing","plant-head;production-manager;qa-qc-head;maintenance-head;automation-engineer;purchase-procurement;rd-technical-team;sales-engineer","testing-context","consideration;technical-evaluation;commercial-discussion","technical-library","standards-note","Provide validated context for standards, safety, and test methods.","Provide validated context for standards, safety, and test methods.","submit-technical-requirement","adaptive-requirement-form","one-time","1","signed-primary","yes","high","specified","not-applicable","not-started","pending-puretronics-validation","not-started","unassigned","FA-0085;FA-0077","funnel-build/page-specs/five-product-families.md# Required proof stack;funnel-build/technical-library/proof-stack.md# Product-Family Mapping","asset-class-proof-asset;channel-technical-library;format-standards-note;funnel-commercial-discussion;funnel-consideration;funnel-technical-evaluation;persona-automation-engineer;persona-maintenance-head;persona-plant-head;persona-production-manager;persona-purchase-procurement;persona-qa-qc-head;persona-rd-technical-team;persona-sales-engineer;problem-testing-context;product-family-cable-testing-validation;product-model-ac-hv-tester;product-model-dc-hv-tester;readiness-specified;recurrence-one-time;scope-signed-primary;solution-cable-testing-validation;stage-offline-hv-testing;validation-technical-required;workstream-technical-library","No additional note."
"FA-0101","FA-0085","HV requirement checklist","proof-asset","checklist","technical-library","cable-testing-validation","cable-testing-validation","AC HV Tester;DC HV Tester","offline-hv-testing","plant-head;production-manager;qa-qc-head;maintenance-head;automation-engineer;purchase-procurement;rd-technical-team;sales-engineer","requirement-completeness","consideration;technical-evaluation;commercial-discussion","technical-library","checklist","Capture voltage, sample type, method, throughput, safety, and reporting needs.","Capture voltage, sample type, method, throughput, safety, and reporting needs.","submit-technical-requirement","adaptive-requirement-form","one-time","1","signed-primary","yes","high","specified","not-applicable","not-started","pending-puretronics-validation","not-started","unassigned","FA-0085;FA-0077","funnel-build/page-specs/five-product-families.md# Required proof stack;funnel-build/technical-library/proof-stack.md# Product-Family Mapping","asset-class-proof-asset;channel-technical-library;format-checklist;funnel-commercial-discussion;funnel-consideration;funnel-technical-evaluation;persona-automation-engineer;persona-maintenance-head;persona-plant-head;persona-production-manager;persona-purchase-procurement;persona-qa-qc-head;persona-rd-technical-team;persona-sales-engineer;problem-requirement-completeness;product-family-cable-testing-validation;product-model-ac-hv-tester;product-model-dc-hv-tester;readiness-specified;recurrence-one-time;scope-signed-primary;solution-cable-testing-validation;stage-offline-hv-testing;validation-technical-required;workstream-technical-library","No additional note."
"FA-0102","FA-0085","Cable Testing & Validation FAQ group","proof-asset","faq-group","technical-library","cable-testing-validation","cable-testing-validation","AC HV Tester;DC HV Tester","offline-hv-testing","plant-head;production-manager;qa-qc-head;maintenance-head;automation-engineer;purchase-procurement;rd-technical-team;sales-engineer","hv-validation;service-support","consideration;technical-evaluation;commercial-discussion","technical-library","faq-group","Answer AC/DC selection, safety, documentation, and service-routing questions.","Answer AC/DC selection, safety, documentation, and service-routing questions.","submit-technical-requirement","adaptive-requirement-form","one-time","1","signed-primary","yes","high","specified","not-applicable","not-started","pending-puretronics-validation","not-started","unassigned","FA-0085;FA-0077","funnel-build/page-specs/five-product-families.md# Required proof stack;funnel-build/technical-library/proof-stack.md# Product-Family Mapping","asset-class-proof-asset;channel-technical-library;format-faq-group;funnel-commercial-discussion;funnel-consideration;funnel-technical-evaluation;persona-automation-engineer;persona-maintenance-head;persona-plant-head;persona-production-manager;persona-purchase-procurement;persona-qa-qc-head;persona-rd-technical-team;persona-sales-engineer;problem-hv-validation;problem-service-support;product-family-cable-testing-validation;product-model-ac-hv-tester;product-model-dc-hv-tester;readiness-specified;recurrence-one-time;scope-signed-primary;solution-cable-testing-validation;stage-offline-hv-testing;validation-technical-required;workstream-technical-library","No additional note."
"FA-0103","FA-0085","Fire Resistance system overview datasheet","proof-asset","datasheet-set","technical-library","cable-testing-validation","cable-testing-validation","Fire Resistance Cable Testing System","fire-compliance-testing","plant-head;production-manager;qa-qc-head;maintenance-head;automation-engineer;purchase-procurement;rd-technical-team;sales-engineer","fire-resistance-validation","consideration;technical-evaluation;commercial-discussion","technical-library","datasheet-set","Provide a validated system overview without unsupported standards claims.","Provide a validated system overview without unsupported standards claims.","submit-technical-requirement","adaptive-requirement-form","one-time","1","signed-primary","yes","high","specified","not-started","not-started","pending-puretronics-validation","not-started","unassigned","FA-0085;FA-0078","funnel-build/page-specs/five-product-families.md# Required proof stack;funnel-build/technical-library/proof-stack.md# Product-Family Mapping","asset-class-proof-asset;channel-technical-library;format-datasheet-set;funnel-commercial-discussion;funnel-consideration;funnel-technical-evaluation;persona-automation-engineer;persona-maintenance-head;persona-plant-head;persona-production-manager;persona-purchase-procurement;persona-qa-qc-head;persona-rd-technical-team;persona-sales-engineer;problem-fire-resistance-validation;product-family-cable-testing-validation;product-model-fire-resistance-cable-testing-system;readiness-specified;recurrence-one-time;scope-signed-primary;solution-cable-testing-validation;stage-fire-compliance-testing;validation-technical-required;workstream-technical-library","No additional note."
"FA-0104","FA-0085","Fire-resistance testing application explainer","proof-asset","application-explainer","technical-library","cable-testing-validation","cable-testing-validation","Fire Resistance Cable Testing System","fire-compliance-testing","plant-head;production-manager;qa-qc-head;maintenance-head;automation-engineer;purchase-procurement;rd-technical-team;sales-engineer","fire-resistance-validation","consideration;technical-evaluation;commercial-discussion","technical-library","application-explainer","Explain testing requirement and validation context.","Explain testing requirement and validation context.","submit-technical-requirement","adaptive-requirement-form","one-time","1","signed-primary","yes","high","specified","not-applicable","not-started","pending-puretronics-validation","not-started","unassigned","FA-0085;FA-0078","funnel-build/page-specs/five-product-families.md# Required proof stack;funnel-build/technical-library/proof-stack.md# Product-Family Mapping","asset-class-proof-asset;channel-technical-library;format-application-explainer;funnel-commercial-discussion;funnel-consideration;funnel-technical-evaluation;persona-automation-engineer;persona-maintenance-head;persona-plant-head;persona-production-manager;persona-purchase-procurement;persona-qa-qc-head;persona-rd-technical-team;persona-sales-engineer;problem-fire-resistance-validation;product-family-cable-testing-validation;product-model-fire-resistance-cable-testing-system;readiness-specified;recurrence-one-time;scope-signed-primary;solution-cable-testing-validation;stage-fire-compliance-testing;validation-technical-required;workstream-technical-library","No additional note."
"FA-0105","FA-0085","Fire-resistance production and testing-stage diagram","proof-asset","production-stage-diagram","technical-library","cable-testing-validation","cable-testing-validation","Fire Resistance Cable Testing System","fire-compliance-testing","plant-head;production-manager;qa-qc-head;maintenance-head;automation-engineer;purchase-procurement;rd-technical-team;sales-engineer","test-setup","consideration;technical-evaluation;commercial-discussion","technical-library","production-stage-diagram","Show testing-stage placement and system setup context.","Show testing-stage placement and system setup context.","request-datasheet-or-proof-pack","adaptive-requirement-form","one-time","1","signed-primary","yes","high","specified","not-started","not-started","pending-puretronics-validation","not-started","unassigned","FA-0085;FA-0078","funnel-build/page-specs/five-product-families.md# Required proof stack;funnel-build/technical-library/proof-stack.md# Product-Family Mapping","asset-class-proof-asset;channel-technical-library;format-production-stage-diagram;funnel-commercial-discussion;funnel-consideration;funnel-technical-evaluation;persona-automation-engineer;persona-maintenance-head;persona-plant-head;persona-production-manager;persona-purchase-procurement;persona-qa-qc-head;persona-rd-technical-team;persona-sales-engineer;problem-test-setup;product-family-cable-testing-validation;product-model-fire-resistance-cable-testing-system;readiness-specified;recurrence-one-time;scope-signed-primary;solution-cable-testing-validation;stage-fire-compliance-testing;validation-technical-required;workstream-technical-library","No additional note."
"FA-0106","FA-0085","Fire-resistance standards-context note","proof-asset","standards-note","technical-library","cable-testing-validation","cable-testing-validation","Fire Resistance Cable Testing System","fire-compliance-testing","plant-head;production-manager;qa-qc-head;maintenance-head;automation-engineer;purchase-procurement;rd-technical-team;sales-engineer","testing-context","consideration;technical-evaluation;commercial-discussion","technical-library","standards-note","Document only Puretronics-validated standards and compliance context.","Document only Puretronics-validated standards and compliance context.","submit-technical-requirement","adaptive-requirement-form","one-time","1","signed-primary","yes","high","specified","not-applicable","not-started","pending-puretronics-validation","not-started","unassigned","FA-0085;FA-0078","funnel-build/page-specs/five-product-families.md# Required proof stack;funnel-build/technical-library/proof-stack.md# Product-Family Mapping","asset-class-proof-asset;channel-technical-library;format-standards-note;funnel-commercial-discussion;funnel-consideration;funnel-technical-evaluation;persona-automation-engineer;persona-maintenance-head;persona-plant-head;persona-production-manager;persona-purchase-procurement;persona-qa-qc-head;persona-rd-technical-team;persona-sales-engineer;problem-testing-context;product-family-cable-testing-validation;product-model-fire-resistance-cable-testing-system;readiness-specified;recurrence-one-time;scope-signed-primary;solution-cable-testing-validation;stage-fire-compliance-testing;validation-technical-required;workstream-technical-library","No additional note."
"FA-0107","FA-0085","Fire-resistance sample report headings and output example","proof-asset","report-template","technical-library","cable-testing-validation","cable-testing-validation","Fire Resistance Cable Testing System","fire-compliance-testing;data-reporting-layer","plant-head;production-manager;qa-qc-head;maintenance-head;automation-engineer;purchase-procurement;rd-technical-team;sales-engineer","reporting-requirement","consideration;technical-evaluation;commercial-discussion","technical-library","report-template","Provide a non-claim sample structure for QA evaluation.","Provide a non-claim sample structure for QA evaluation.","request-datasheet-or-proof-pack","adaptive-requirement-form","one-time","1","signed-primary","yes","high","specified","not-started","not-started","pending-puretronics-validation","not-started","unassigned","FA-0085;FA-0078","funnel-build/page-specs/five-product-families.md# Required proof stack;funnel-build/technical-library/proof-stack.md# Product-Family Mapping","asset-class-proof-asset;channel-technical-library;format-report-template;funnel-commercial-discussion;funnel-consideration;funnel-technical-evaluation;persona-automation-engineer;persona-maintenance-head;persona-plant-head;persona-production-manager;persona-purchase-procurement;persona-qa-qc-head;persona-rd-technical-team;persona-sales-engineer;problem-reporting-requirement;product-family-cable-testing-validation;product-model-fire-resistance-cable-testing-system;readiness-specified;recurrence-one-time;scope-signed-primary;solution-cable-testing-validation;stage-data-reporting-layer;stage-fire-compliance-testing;validation-technical-required;workstream-technical-library","No additional note."
"FA-0108","FA-0085","Fire Resistance FAQ group","proof-asset","faq-group","technical-library","cable-testing-validation","cable-testing-validation","Fire Resistance Cable Testing System","fire-compliance-testing","plant-head;production-manager;qa-qc-head;maintenance-head;automation-engineer;purchase-procurement;rd-technical-team;sales-engineer","fire-resistance-validation;service-support","consideration;technical-evaluation;commercial-discussion","technical-library","faq-group","Answer setup, validation, required inputs, and support-boundary questions.","Answer setup, validation, required inputs, and support-boundary questions.","submit-technical-requirement","adaptive-requirement-form","one-time","1","signed-primary","yes","high","specified","not-applicable","not-started","pending-puretronics-validation","not-started","unassigned","FA-0085;FA-0078","funnel-build/page-specs/five-product-families.md# Required proof stack;funnel-build/technical-library/proof-stack.md# Product-Family Mapping","asset-class-proof-asset;channel-technical-library;format-faq-group;funnel-commercial-discussion;funnel-consideration;funnel-technical-evaluation;persona-automation-engineer;persona-maintenance-head;persona-plant-head;persona-production-manager;persona-purchase-procurement;persona-qa-qc-head;persona-rd-technical-team;persona-sales-engineer;problem-fire-resistance-validation;problem-service-support;product-family-cable-testing-validation;product-model-fire-resistance-cable-testing-system;readiness-specified;recurrence-one-time;scope-signed-primary;solution-cable-testing-validation;stage-fire-compliance-testing;validation-technical-required;workstream-technical-library","No additional note."
"FA-0109","FA-0085","Tension-control architecture diagram","proof-asset","production-stage-diagram","technical-library","tension-braking-line-control","tension-braking-line-control","Wire Tension Indicator WTI-100-40;AX-500 Pneumatic Brake;Loadcell AR-85 Series;Loadcell AR-ST Series;Wire Tension Indicator WTI-90-40;Loadcell AR-118 Series;LTC-PRO Web Tension Controller;Loadcell LC-AR-HD Series;Loadcell LC-AR-60 Series;Loadcell AR-125 Series;AX-400 Pneumatic Brake;AX-250 Pneumatic Brake","pay-off-unwind;tension-braking-control;rewinding-coiling","plant-head;production-manager;qa-qc-head;maintenance-head;automation-engineer;purchase-procurement;rd-technical-team;sales-engineer","tension-instability;braking-control","consideration;technical-evaluation;commercial-discussion","technical-library","production-stage-diagram","Show WTI, loadcells, LTC-PRO, and pneumatic brakes together.","Show WTI, loadcells, LTC-PRO, and pneumatic brakes together.","submit-technical-requirement","adaptive-requirement-form","one-time","1","signed-primary","yes","high","specified","not-started","not-started","pending-puretronics-validation","not-started","unassigned","FA-0085;FA-0079","funnel-build/page-specs/five-product-families.md# Required proof stack;funnel-build/technical-library/proof-stack.md# Product-Family Mapping","asset-class-proof-asset;channel-technical-library;format-production-stage-diagram;funnel-commercial-discussion;funnel-consideration;funnel-technical-evaluation;persona-automation-engineer;persona-maintenance-head;persona-plant-head;persona-production-manager;persona-purchase-procurement;persona-qa-qc-head;persona-rd-technical-team;persona-sales-engineer;problem-braking-control;problem-tension-instability;product-family-tension-braking-line-control;product-model-ax-250-pneumatic-brake;product-model-ax-400-pneumatic-brake;product-model-ax-500-pneumatic-brake;product-model-loadcell-ar-118-series;product-model-loadcell-ar-125-series;product-model-loadcell-ar-85-series;product-model-loadcell-ar-st-series;product-model-loadcell-lc-ar-60-series;product-model-loadcell-lc-ar-hd-series;product-model-ltc-pro-web-tension-controller;product-model-wire-tension-indicator-wti-100-40;product-model-wire-tension-indicator-wti-90-40;readiness-specified;recurrence-one-time;scope-signed-primary;solution-tension-braking-line-control;stage-pay-off-unwind;stage-rewinding-coiling;stage-tension-braking-control;validation-technical-required;workstream-technical-library","No additional note."
"FA-0110","FA-0085","Pneumatic brake torque, pressure, and RPM table","proof-asset","comparison-table","technical-library","tension-braking-line-control","tension-braking-line-control","AX-500 Pneumatic Brake;AX-400 Pneumatic Brake;AX-250 Pneumatic Brake","pay-off-unwind;rewinding-coiling","plant-head;production-manager;qa-qc-head;maintenance-head;automation-engineer;purchase-procurement;rd-technical-team;sales-engineer","braking-control","consideration;technical-evaluation;commercial-discussion","technical-library","comparison-table","Support AX model technical selection after validation.","Support AX model technical selection after validation.","submit-technical-requirement","adaptive-requirement-form","one-time","1","signed-primary","yes","high","specified","not-started","not-started","pending-puretronics-validation","not-started","unassigned","FA-0085;FA-0079","funnel-build/page-specs/five-product-families.md# Required proof stack;funnel-build/technical-library/proof-stack.md# Product-Family Mapping","asset-class-proof-asset;channel-technical-library;format-comparison-table;funnel-commercial-discussion;funnel-consideration;funnel-technical-evaluation;persona-automation-engineer;persona-maintenance-head;persona-plant-head;persona-production-manager;persona-purchase-procurement;persona-qa-qc-head;persona-rd-technical-team;persona-sales-engineer;problem-braking-control;product-family-tension-braking-line-control;product-model-ax-250-pneumatic-brake;product-model-ax-400-pneumatic-brake;product-model-ax-500-pneumatic-brake;readiness-specified;recurrence-one-time;scope-signed-primary;solution-tension-braking-line-control;stage-pay-off-unwind;stage-rewinding-coiling;validation-technical-required;workstream-technical-library","No additional note."
"FA-0111","FA-0085","Loadcell model and accessory integration notes","proof-asset","integration-note","technical-library","tension-braking-line-control","tension-braking-line-control","Loadcell Accessories / Integration Items","tension-braking-control;data-reporting-layer","plant-head;production-manager;qa-qc-head;maintenance-head;automation-engineer;purchase-procurement;rd-technical-team;sales-engineer","integration-requirement","consideration;technical-evaluation;commercial-discussion","technical-library","integration-note","Explain amplifier, brackets, cable, and integration items as support context only.","Explain amplifier, brackets, cable, and integration items as support context only.","submit-technical-requirement","adaptive-requirement-form","one-time","1","covered-support","yes","high","specified","not-applicable","not-started","pending-puretronics-validation","not-started","unassigned","FA-0085;FA-0079","funnel-build/page-specs/five-product-families.md# Required proof stack;funnel-build/technical-library/proof-stack.md# Product-Family Mapping","asset-class-proof-asset;channel-technical-library;format-integration-note;funnel-commercial-discussion;funnel-consideration;funnel-technical-evaluation;persona-automation-engineer;persona-maintenance-head;persona-plant-head;persona-production-manager;persona-purchase-procurement;persona-qa-qc-head;persona-rd-technical-team;persona-sales-engineer;problem-integration-requirement;product-family-tension-braking-line-control;product-model-loadcell-accessories-integration-items;readiness-specified;recurrence-one-time;scope-covered-support;solution-tension-braking-line-control;stage-data-reporting-layer;stage-tension-braking-control;validation-technical-required;workstream-technical-library","Contextual support asset only; not a standalone support-item page, campaign, form, or automation."
"FA-0112","FA-0085","Inline preheater variant comparison table","proof-asset","comparison-table","technical-library","process-equipment-line-auxiliaries","process-equipment-line-auxiliaries","Inline Induction Wire Preheater - 1000 m/min;Inline Induction Wire Preheater - 1500 m/min;Inline Induction Wire Preheater - 2000 m/min","pre-extrusion-preheating","plant-head;production-manager;qa-qc-head;maintenance-head;automation-engineer;purchase-procurement;rd-technical-team;sales-engineer","conductor-preheating;model-selection","consideration;technical-evaluation;commercial-discussion","technical-library","comparison-table","Compare 1000, 1500, and 2000 m/min preheater variants.","Compare 1000, 1500, and 2000 m/min preheater variants.","submit-technical-requirement","adaptive-requirement-form","one-time","1","signed-primary","yes","high","specified","not-started","not-started","pending-puretronics-validation","not-started","unassigned","FA-0085;FA-0079","funnel-build/page-specs/five-product-families.md# Required proof stack;funnel-build/technical-library/proof-stack.md# Product-Family Mapping","asset-class-proof-asset;channel-technical-library;format-comparison-table;funnel-commercial-discussion;funnel-consideration;funnel-technical-evaluation;persona-automation-engineer;persona-maintenance-head;persona-plant-head;persona-production-manager;persona-purchase-procurement;persona-qa-qc-head;persona-rd-technical-team;persona-sales-engineer;problem-conductor-preheating;problem-model-selection;product-family-process-equipment-line-auxiliaries;product-model-inline-induction-wire-preheater-1000-m-min;product-model-inline-induction-wire-preheater-1500-m-min;product-model-inline-induction-wire-preheater-2000-m-min;readiness-specified;recurrence-one-time;scope-signed-primary;solution-process-equipment-line-auxiliaries;stage-pre-extrusion-preheating;validation-technical-required;workstream-technical-library","No additional note."
"FA-0113","FA-0085","LSP-G1 and LSP-G2 comparison table","proof-asset","comparison-table","technical-library","process-equipment-line-auxiliaries","process-equipment-line-auxiliaries","LSP-G2 Static Powder Applicator;LSP-G1 Static Powder Applicator","powdering-talc-application","plant-head;production-manager;qa-qc-head;maintenance-head;automation-engineer;purchase-procurement;rd-technical-team;sales-engineer","powder-adhesion;model-selection","consideration;technical-evaluation;commercial-discussion","technical-library","comparison-table","Compare the signed powder applicator variants.","Compare the signed powder applicator variants.","submit-technical-requirement","adaptive-requirement-form","one-time","1","signed-primary","yes","high","specified","not-started","not-started","pending-puretronics-validation","not-started","unassigned","FA-0085;FA-0079","funnel-build/page-specs/five-product-families.md# Required proof stack;funnel-build/technical-library/proof-stack.md# Product-Family Mapping","asset-class-proof-asset;channel-technical-library;format-comparison-table;funnel-commercial-discussion;funnel-consideration;funnel-technical-evaluation;persona-automation-engineer;persona-maintenance-head;persona-plant-head;persona-production-manager;persona-purchase-procurement;persona-qa-qc-head;persona-rd-technical-team;persona-sales-engineer;problem-model-selection;problem-powder-adhesion;product-family-process-equipment-line-auxiliaries;product-model-lsp-g1-static-powder-applicator;product-model-lsp-g2-static-powder-applicator;readiness-specified;recurrence-one-time;scope-signed-primary;solution-process-equipment-line-auxiliaries;stage-powdering-talc-application;validation-technical-required;workstream-technical-library","No additional note."
"FA-0114","FA-0085","Butt welding suitability table","proof-asset","comparison-table","technical-library","process-equipment-line-auxiliaries","process-equipment-line-auxiliaries","Butt Welding Machine","joining-butt-welding","plant-head;production-manager;qa-qc-head;maintenance-head;automation-engineer;purchase-procurement;rd-technical-team;sales-engineer","welding-splicing","consideration;technical-evaluation;commercial-discussion","technical-library","comparison-table","Summarize validated application suitability and inputs.","Summarize validated application suitability and inputs.","submit-technical-requirement","adaptive-requirement-form","one-time","1","signed-primary","yes","high","specified","not-started","not-started","pending-puretronics-validation","not-started","unassigned","FA-0085;FA-0079","funnel-build/page-specs/five-product-families.md# Required proof stack;funnel-build/technical-library/proof-stack.md# Product-Family Mapping","asset-class-proof-asset;channel-technical-library;format-comparison-table;funnel-commercial-discussion;funnel-consideration;funnel-technical-evaluation;persona-automation-engineer;persona-maintenance-head;persona-plant-head;persona-production-manager;persona-purchase-procurement;persona-qa-qc-head;persona-rd-technical-team;persona-sales-engineer;problem-welding-splicing;product-family-process-equipment-line-auxiliaries;product-model-butt-welding-machine;readiness-specified;recurrence-one-time;scope-signed-primary;solution-process-equipment-line-auxiliaries;stage-joining-butt-welding;validation-technical-required;workstream-technical-library","No additional note."
"FA-0115","FA-0085","PF-04/PF-05 cross-family FAQ group","proof-asset","faq-group","technical-library","cross-family","cross-family","Wire Tension Indicator WTI-100-40;Inline Induction Wire Preheater - 1000 m/min;AX-500 Pneumatic Brake;LSP-G2 Static Powder Applicator;Butt Welding Machine;Loadcell AR-85 Series;Inline Induction Wire Preheater - 1500 m/min;Loadcell AR-ST Series;LSP-G1 Static Powder Applicator;Wire Tension Indicator WTI-90-40;Inline Induction Wire Preheater - 2000 m/min;Loadcell AR-118 Series;LTC-PRO Web Tension Controller;Loadcell LC-AR-HD Series;Loadcell LC-AR-60 Series;Loadcell AR-125 Series;AX-400 Pneumatic Brake;AX-250 Pneumatic Brake","pay-off-unwind;joining-butt-welding;tension-braking-control;pre-extrusion-preheating;powdering-talc-application;rewinding-coiling","plant-head;production-manager;qa-qc-head;maintenance-head;automation-engineer;purchase-procurement;rd-technical-team;sales-engineer","line-stability;service-support","consideration;technical-evaluation;commercial-discussion","technical-library","faq-group","Answer tension, braking, powdering, preheating, welding, and stability questions.","Answer tension, braking, powdering, preheating, welding, and stability questions.","submit-technical-requirement","adaptive-requirement-form","one-time","1","signed-primary","yes","high","specified","not-applicable","not-started","pending-puretronics-validation","not-started","unassigned","FA-0085;FA-0079","funnel-build/page-specs/five-product-families.md# Required proof stack;funnel-build/technical-library/proof-stack.md# Product-Family Mapping","asset-class-proof-asset;channel-technical-library;format-faq-group;funnel-commercial-discussion;funnel-consideration;funnel-technical-evaluation;persona-automation-engineer;persona-maintenance-head;persona-plant-head;persona-production-manager;persona-purchase-procurement;persona-qa-qc-head;persona-rd-technical-team;persona-sales-engineer;problem-line-stability;problem-service-support;product-family-cross-family;product-model-ax-250-pneumatic-brake;product-model-ax-400-pneumatic-brake;product-model-ax-500-pneumatic-brake;product-model-butt-welding-machine;product-model-inline-induction-wire-preheater-1000-m-min;product-model-inline-induction-wire-preheater-1500-m-min;product-model-inline-induction-wire-preheater-2000-m-min;product-model-loadcell-ar-118-series;product-model-loadcell-ar-125-series;product-model-loadcell-ar-85-series;product-model-loadcell-ar-st-series;product-model-loadcell-lc-ar-60-series;product-model-loadcell-lc-ar-hd-series;product-model-lsp-g1-static-powder-applicator;product-model-lsp-g2-static-powder-applicator;product-model-ltc-pro-web-tension-controller;product-model-wire-tension-indicator-wti-100-40;product-model-wire-tension-indicator-wti-90-40;readiness-specified;recurrence-one-time;scope-signed-primary;solution-cross-family;stage-joining-butt-welding;stage-pay-off-unwind;stage-powdering-talc-application;stage-pre-extrusion-preheating;stage-rewinding-coiling;stage-tension-braking-control;validation-technical-required;workstream-technical-library","No additional note."
"FA-0116","FA-0085","Technical proof-pack assembly workflow","workflow","demo-workflow","technical-library","cross-family","cross-family","not-applicable","cross-stage","sales-engineer;internal-operations;service-user","technical-confidence","technical-evaluation;commercial-discussion;retention-expansion","technical-library;internal-routing","demo-workflow","Select and package validated proof assets for a specific enquiry.","Select and package validated proof assets for a specific enquiry.","not-applicable","sales-handoff","as-needed","1-template","funnel-operational","no","medium","specified","not-applicable","not-started","not-required","not-started","unassigned","not-applicable","funnel-build/technical-library/proof-stack.md# Asset Families","asset-class-workflow;channel-internal-routing;channel-technical-library;format-demo-workflow;funnel-commercial-discussion;funnel-retention-expansion;funnel-technical-evaluation;persona-internal-operations;persona-sales-engineer;persona-service-user;problem-technical-confidence;product-family-cross-family;readiness-specified;recurrence-as-needed;scope-funnel-operational;solution-cross-family;stage-cross-stage;validation-technical-not-required;workstream-technical-library","No additional note."
"FA-0117","FA-0085","Technical demo and evaluation call-preparation workflow","workflow","demo-workflow","technical-library","cross-family","cross-family","not-applicable","cross-stage","sales-engineer;internal-operations;service-user","technical-confidence","technical-evaluation;commercial-discussion;retention-expansion","technical-library;internal-routing","demo-workflow","Prepare a scoped product demonstration or technical discussion from submitted requirements.","Prepare a scoped product demonstration or technical discussion from submitted requirements.","submit-technical-requirement","sales-handoff","as-needed","1-template","funnel-operational","no","medium","specified","not-applicable","not-started","not-required","not-started","unassigned","not-applicable","funnel-build/technical-library/proof-stack.md# Asset Families","asset-class-workflow;channel-internal-routing;channel-technical-library;format-demo-workflow;funnel-commercial-discussion;funnel-retention-expansion;funnel-technical-evaluation;persona-internal-operations;persona-sales-engineer;persona-service-user;problem-technical-confidence;product-family-cross-family;readiness-specified;recurrence-as-needed;scope-funnel-operational;solution-cross-family;stage-cross-stage;validation-technical-not-required;workstream-technical-library","No additional note."
"FA-0118","FA-0085","Service and support capability proof module","workflow","service-proof","technical-library","cross-family","cross-family","not-applicable","cross-stage","sales-engineer;internal-operations;service-user","service-support","technical-evaluation;commercial-discussion;retention-expansion","technical-library;internal-routing","service-proof","Build installed-base confidence and route service requests correctly.","Build installed-base confidence and route service requests correctly.","raise-service-support-requirement","form-path-service-support","as-needed","1-template","funnel-operational","yes","medium","specified","not-applicable","not-started","pending-puretronics-validation","not-started","unassigned","not-applicable","funnel-build/technical-library/proof-stack.md# Asset Families","asset-class-workflow;channel-internal-routing;channel-technical-library;format-service-proof;funnel-commercial-discussion;funnel-retention-expansion;funnel-technical-evaluation;persona-internal-operations;persona-sales-engineer;persona-service-user;problem-service-support;product-family-cross-family;readiness-specified;recurrence-as-needed;scope-funnel-operational;solution-cross-family;stage-cross-stage;validation-technical-required;workstream-technical-library","No additional note."
"FA-0119","FA-0085","Commercial scope, approval, and support-boundary FAQ group","workflow","faq-group","technical-library","cross-family","cross-family","not-applicable","cross-stage","sales-engineer;internal-operations;service-user","technical-confidence","technical-evaluation;commercial-discussion;retention-expansion","technical-library;internal-routing","faq-group","Prevent proof content from expanding signed scope or implying guarantees.","Prevent proof content from expanding signed scope or implying guarantees.","not-applicable","governance","as-needed","1-template","governance","no","medium","specified","not-applicable","not-started","not-required","not-started","unassigned","not-applicable","data/notion-export/raw-page-fetches/services-agreement-final-signature-copy.json# 8. Scope Control and Change Requests;docs/00-governance/exclusions-and-change-control.md","asset-class-workflow;channel-internal-routing;channel-technical-library;format-faq-group;funnel-commercial-discussion;funnel-retention-expansion;funnel-technical-evaluation;persona-internal-operations;persona-sales-engineer;persona-service-user;problem-technical-confidence;product-family-cross-family;readiness-specified;recurrence-as-needed;scope-governance;solution-cross-family;stage-cross-stage;validation-technical-not-required;workstream-technical-library","No additional note."
"FA-0120","","Adaptive Requirement Form","form","adaptive-requirement-form","forms-and-routing","cross-family","cross-family","not-applicable","cross-stage","plant-head;production-manager;qa-qc-head;maintenance-head;automation-engineer;purchase-procurement;oem-integrator;service-user","requirement-completeness","conversion;retention-expansion","adaptive-form","form","Capture useful technical and commercial context without overwhelming the buyer.","Four entry paths, progressive conditional branches, classification, routing, and handoff.","submit-technical-requirement","lead-classification-engine","continuous","1","signed-primary","yes","critical","specified","not-started","not-started","pending-puretronics-validation","not-started","unassigned","FA-0063","funnel-build/forms-and-routing/adaptive-requirement-form-routing.md;data/notion-export/raw-page-fetches/internal-copy-annexure-a-funnel-architecture.json# 12. Adaptive Requirement Form","asset-class-form;channel-adaptive-form;format-form;funnel-conversion;funnel-retention-expansion;persona-automation-engineer;persona-maintenance-head;persona-oem-integrator;persona-plant-head;persona-production-manager;persona-purchase-procurement;persona-qa-qc-head;persona-service-user;problem-requirement-completeness;product-family-cross-family;readiness-specified;recurrence-continuous;scope-signed-primary;solution-cross-family;stage-cross-stage;validation-technical-required;workstream-forms-and-routing","No additional note."
"FA-0121","FA-0120","Sales enquiry form entry path","form-path","form-entry-path","forms-and-routing","cross-family","cross-family","not-applicable","cross-stage","plant-head;production-manager;qa-qc-head;purchase-procurement","sales-enquiry","conversion","adaptive-form","form-path","New product or solution requirement.","New product or solution requirement.","submit-technical-requirement","sales-application-owner","continuous","1","signed-primary","yes","critical","specified","not-started","not-started","not-required","not-started","unassigned","FA-0120","funnel-build/forms-and-routing/adaptive-requirement-form-routing.md# Form Entry Paths","asset-class-form-path;channel-adaptive-form;form-path-sales-enquiry;format-form-path;funnel-conversion;persona-plant-head;persona-production-manager;persona-purchase-procurement;persona-qa-qc-head;problem-sales-enquiry;product-family-cross-family;readiness-specified;recurrence-continuous;scope-signed-primary;solution-cross-family;stage-cross-stage;validation-technical-not-required;workstream-forms-and-routing","No additional note."
"FA-0122","FA-0120","Technical proof request form entry path","form-path","form-entry-path","forms-and-routing","cross-family","cross-family","not-applicable","cross-stage","plant-head;production-manager;qa-qc-head;purchase-procurement","technical-proof-request","conversion","adaptive-form","form-path","Datasheet, comparison, explainer, or proof-pack request.","Datasheet, comparison, explainer, or proof-pack request.","request-datasheet-or-proof-pack","sales-application-owner","continuous","1","signed-primary","yes","critical","specified","not-started","not-started","not-required","not-started","unassigned","FA-0120","funnel-build/forms-and-routing/adaptive-requirement-form-routing.md# Form Entry Paths","asset-class-form-path;channel-adaptive-form;form-path-technical-proof-request;format-form-path;funnel-conversion;persona-plant-head;persona-production-manager;persona-purchase-procurement;persona-qa-qc-head;problem-technical-proof-request;product-family-cross-family;readiness-specified;recurrence-continuous;scope-signed-primary;solution-cross-family;stage-cross-stage;validation-technical-not-required;workstream-forms-and-routing","No additional note."
"FA-0123","FA-0120","Service/support form entry path","form-path","form-entry-path","forms-and-routing","cross-family","cross-family","not-applicable","cross-stage","service-user;maintenance-head","service-support","retention-expansion","adaptive-form","form-path","Installed product, maintenance, calibration, or troubleshooting.","Installed product, maintenance, calibration, or troubleshooting.","raise-service-support-requirement","service-support-owner","continuous","1","signed-primary","yes","critical","specified","not-started","not-started","not-required","not-started","unassigned","FA-0120","funnel-build/forms-and-routing/adaptive-requirement-form-routing.md# Form Entry Paths","asset-class-form-path;channel-adaptive-form;form-path-service-support;format-form-path;funnel-retention-expansion;persona-maintenance-head;persona-service-user;problem-service-support;product-family-cross-family;readiness-specified;recurrence-continuous;scope-signed-primary;solution-cross-family;stage-cross-stage;validation-technical-not-required;workstream-forms-and-routing","No additional note."
"FA-0124","FA-0120","Existing customer expansion form entry path","form-path","form-entry-path","forms-and-routing","cross-family","cross-family","not-applicable","cross-stage","plant-head;production-manager;qa-qc-head;purchase-procurement","existing-customer-expansion","conversion","adaptive-form","form-path","Additional signed-scope requirement from an installed/customer account.","Additional signed-scope requirement from an installed/customer account.","submit-technical-requirement","account-owner","continuous","1","signed-primary","yes","critical","specified","not-started","not-started","not-required","not-started","unassigned","FA-0120","funnel-build/forms-and-routing/adaptive-requirement-form-routing.md# Form Entry Paths","asset-class-form-path;channel-adaptive-form;form-path-existing-customer-expansion;format-form-path;funnel-conversion;persona-plant-head;persona-production-manager;persona-purchase-procurement;persona-qa-qc-head;problem-existing-customer-expansion;product-family-cross-family;readiness-specified;recurrence-continuous;scope-signed-primary;solution-cross-family;stage-cross-stage;validation-technical-not-required;workstream-forms-and-routing","No additional note."
"FA-0125","FA-0120","Adaptive form core intake and progressive-disclosure step","form-path","form-core-step","forms-and-routing","cross-family","cross-family","not-applicable","cross-stage","plant-head;production-manager;qa-qc-head;maintenance-head;purchase-procurement;oem-integrator;service-user","requirement-completeness","conversion","adaptive-form","form","Capture identity, company, contact, role, customer status, requirement type, urgency, and consent context.","Shared intake; individual fields remain managed inside this asset.","continue-requirement-form","conditional-form-branches","continuous","1","signed-primary","yes","critical","specified","not-started","not-started","not-required","not-started","unassigned","FA-0120","funnel-build/forms-and-routing/adaptive-requirement-form-routing.md# Required Core Fields","asset-class-form-path;channel-adaptive-form;format-form;funnel-conversion;persona-maintenance-head;persona-oem-integrator;persona-plant-head;persona-production-manager;persona-purchase-procurement;persona-qa-qc-head;persona-service-user;problem-requirement-completeness;product-family-cross-family;readiness-specified;recurrence-continuous;scope-signed-primary;solution-cross-family;stage-cross-stage;validation-technical-not-required;workstream-forms-and-routing","No additional note."
"FA-0126","FA-0120","Online Measurement conditional branch","form-path","conditional-form-branch","forms-and-routing","inline-measurement-dimensional-control","inline-measurement-dimensional-control","not-applicable","online-measurement;extrusion-coating","plant-head;production-manager;qa-qc-head;maintenance-head;automation-engineer","diameter-variation","conversion","adaptive-form","conditional-branch","Capture the major conditional requirement context for Online Measurement conditional branch.","Field-level detail remains managed inside this branch asset.","submit-technical-requirement","route-online-measurement","continuous","1","signed-primary","yes","critical","specified","not-started","not-started","pending-puretronics-validation","not-started","unassigned","FA-0120;FA-0125","funnel-build/forms-and-routing/adaptive-requirement-form-routing.md# Conditional Fields;data/notion-export/raw-page-fetches/internal-copy-annexure-a-funnel-architecture.json# Conditional Fields by Requirement Type","asset-class-form-path;channel-adaptive-form;format-conditional-branch;funnel-conversion;persona-automation-engineer;persona-maintenance-head;persona-plant-head;persona-production-manager;persona-qa-qc-head;problem-diameter-variation;product-family-inline-measurement-dimensional-control;readiness-specified;recurrence-continuous;scope-signed-primary;solution-inline-measurement-dimensional-control;stage-extrusion-coating;stage-online-measurement;validation-technical-required;workstream-forms-and-routing","No additional note."
"FA-0127","FA-0120","Spark Testing conditional branch","form-path","conditional-form-branch","forms-and-routing","inline-spark-testing-insulation-fault-detection","inline-spark-testing-insulation-fault-detection","not-applicable","spark-fault-inspection","plant-head;production-manager;qa-qc-head;maintenance-head;automation-engineer","insulation-faults","conversion","adaptive-form","conditional-branch","Capture the major conditional requirement context for Spark Testing conditional branch.","Field-level detail remains managed inside this branch asset.","submit-technical-requirement","route-spark-testing","continuous","1","signed-primary","yes","critical","specified","not-started","not-started","pending-puretronics-validation","not-started","unassigned","FA-0120;FA-0125","funnel-build/forms-and-routing/adaptive-requirement-form-routing.md# Conditional Fields;data/notion-export/raw-page-fetches/internal-copy-annexure-a-funnel-architecture.json# Conditional Fields by Requirement Type","asset-class-form-path;channel-adaptive-form;format-conditional-branch;funnel-conversion;persona-automation-engineer;persona-maintenance-head;persona-plant-head;persona-production-manager;persona-qa-qc-head;problem-insulation-faults;product-family-inline-spark-testing-insulation-fault-detection;readiness-specified;recurrence-continuous;scope-signed-primary;solution-inline-spark-testing-insulation-fault-detection;stage-spark-fault-inspection;validation-technical-required;workstream-forms-and-routing","No additional note."
"FA-0128","FA-0120","Cable Testing & Validation conditional branch","form-path","conditional-form-branch","forms-and-routing","cable-testing-validation","cable-testing-validation","not-applicable","offline-hv-testing","plant-head;production-manager;qa-qc-head;maintenance-head;automation-engineer","hv-validation","conversion","adaptive-form","conditional-branch","Capture the major conditional requirement context for Cable Testing & Validation conditional branch.","Field-level detail remains managed inside this branch asset.","submit-technical-requirement","route-hv-cable-validation","continuous","1","signed-primary","yes","critical","specified","not-started","not-started","pending-puretronics-validation","not-started","unassigned","FA-0120;FA-0125","funnel-build/forms-and-routing/adaptive-requirement-form-routing.md# Conditional Fields;data/notion-export/raw-page-fetches/internal-copy-annexure-a-funnel-architecture.json# Conditional Fields by Requirement Type","asset-class-form-path;channel-adaptive-form;format-conditional-branch;funnel-conversion;persona-automation-engineer;persona-maintenance-head;persona-plant-head;persona-production-manager;persona-qa-qc-head;problem-hv-validation;product-family-cable-testing-validation;readiness-specified;recurrence-continuous;scope-signed-primary;solution-cable-testing-validation;stage-offline-hv-testing;validation-technical-required;workstream-forms-and-routing","No additional note."
"FA-0129","FA-0120","Fire Resistance conditional branch","form-path","conditional-form-branch","forms-and-routing","cable-testing-validation","cable-testing-validation","not-applicable","fire-compliance-testing","plant-head;production-manager;qa-qc-head;maintenance-head;automation-engineer","fire-resistance-validation","conversion","adaptive-form","conditional-branch","Capture the major conditional requirement context for Fire Resistance conditional branch.","Field-level detail remains managed inside this branch asset.","submit-technical-requirement","route-fire-resistance","continuous","1","signed-primary","yes","critical","specified","not-started","not-started","pending-puretronics-validation","not-started","unassigned","FA-0120;FA-0125","funnel-build/forms-and-routing/adaptive-requirement-form-routing.md# Conditional Fields;data/notion-export/raw-page-fetches/internal-copy-annexure-a-funnel-architecture.json# Conditional Fields by Requirement Type","asset-class-form-path;channel-adaptive-form;format-conditional-branch;funnel-conversion;persona-automation-engineer;persona-maintenance-head;persona-plant-head;persona-production-manager;persona-qa-qc-head;problem-fire-resistance-validation;product-family-cable-testing-validation;readiness-specified;recurrence-continuous;scope-signed-primary;solution-cable-testing-validation;stage-fire-compliance-testing;validation-technical-required;workstream-forms-and-routing","No additional note."
"FA-0130","FA-0120","Tension / Braking / Line Control conditional branch","form-path","conditional-form-branch","forms-and-routing","tension-braking-line-control","tension-braking-line-control","not-applicable","tension-braking-control;pay-off-unwind;rewinding-coiling","plant-head;production-manager;qa-qc-head;maintenance-head;automation-engineer","tension-instability;braking-control","conversion","adaptive-form","conditional-branch","Capture the major conditional requirement context for Line Stability and Tension Control conditional branch.","Field-level detail remains managed inside this branch asset.","submit-technical-requirement","route-line-stability","continuous","1","signed-primary","yes","critical","specified","not-started","not-started","pending-puretronics-validation","not-started","unassigned","FA-0120;FA-0125","funnel-build/forms-and-routing/adaptive-requirement-form-routing.md# Conditional Fields;data/notion-export/raw-page-fetches/internal-copy-annexure-a-funnel-architecture.json# Conditional Fields by Requirement Type","asset-class-form-path;channel-adaptive-form;format-conditional-branch;funnel-conversion;persona-automation-engineer;persona-maintenance-head;persona-plant-head;persona-production-manager;persona-qa-qc-head;problem-braking-control;problem-tension-instability;product-family-tension-braking-line-control;readiness-specified;recurrence-continuous;scope-signed-primary;solution-tension-braking-line-control;stage-pay-off-unwind;stage-rewinding-coiling;stage-tension-braking-control;validation-technical-required;workstream-forms-and-routing","No additional note."
"FA-0131","FA-0120","Process Equipment & Line Auxiliaries conditional branch","form-path","conditional-form-branch","forms-and-routing","process-equipment-line-auxiliaries","process-equipment-line-auxiliaries","not-applicable","pre-extrusion-preheating;powdering-talc-application;joining-butt-welding","plant-head;production-manager;qa-qc-head;maintenance-head;automation-engineer","powder-adhesion;conductor-preheating;welding-splicing","conversion","adaptive-form","conditional-branch","Capture the major conditional requirement context for Process Equipment & Line Auxiliaries conditional branch.","Field-level detail remains managed inside this branch asset.","submit-technical-requirement","route-line-stability","continuous","1","signed-primary","yes","critical","specified","not-started","not-started","pending-puretronics-validation","not-started","unassigned","FA-0120;FA-0125","funnel-build/forms-and-routing/adaptive-requirement-form-routing.md# Conditional Fields;data/notion-export/raw-page-fetches/internal-copy-annexure-a-funnel-architecture.json# Conditional Fields by Requirement Type","asset-class-form-path;channel-adaptive-form;format-conditional-branch;funnel-conversion;persona-automation-engineer;persona-maintenance-head;persona-plant-head;persona-production-manager;persona-qa-qc-head;problem-conductor-preheating;problem-powder-adhesion;problem-welding-splicing;product-family-process-equipment-line-auxiliaries;readiness-specified;recurrence-continuous;scope-signed-primary;solution-process-equipment-line-auxiliaries;stage-joining-butt-welding;stage-powdering-talc-application;stage-pre-extrusion-preheating;validation-technical-required;workstream-forms-and-routing","No additional note."
"FA-0132","FA-0120","Service/support conditional branch","form-path","conditional-form-branch","forms-and-routing","cross-family","cross-family","not-applicable","calibration-support;repair-rework","service-user;maintenance-head","service-support","retention-expansion","adaptive-form","conditional-branch","Capture the major conditional requirement context for Service/support conditional branch.","Field-level detail remains managed inside this branch asset.","submit-technical-requirement","route-service-support","continuous","1","signed-primary","yes","critical","specified","not-started","not-started","not-required","not-started","unassigned","FA-0120;FA-0125","funnel-build/forms-and-routing/adaptive-requirement-form-routing.md# Conditional Fields;data/notion-export/raw-page-fetches/internal-copy-annexure-a-funnel-architecture.json# Conditional Fields by Requirement Type","asset-class-form-path;channel-adaptive-form;format-conditional-branch;funnel-retention-expansion;persona-maintenance-head;persona-service-user;problem-service-support;product-family-cross-family;readiness-specified;recurrence-continuous;scope-signed-primary;solution-cross-family;stage-calibration-support;stage-repair-rework;validation-technical-not-required;workstream-forms-and-routing","No additional note."
"FA-0133","FA-0120","OEM/integration enquiry conditional branch","form-path","conditional-form-branch","forms-and-routing","cross-family","cross-family","not-applicable","cross-stage","oem-integrator;automation-engineer","integration-requirement","conversion","adaptive-form","conditional-branch","Capture the major conditional requirement context for OEM/integration enquiry conditional branch.","Field-level detail remains managed inside this branch asset.","submit-technical-requirement","route-commercial-review","continuous","1","approval-required","decision-required","low","specified","decision-required","decision-required","pending-puretronics-validation","decision-required","unassigned","FA-0120;FA-0125","funnel-build/forms-and-routing/adaptive-requirement-form-routing.md# Conditional Fields;data/notion-export/raw-page-fetches/internal-copy-annexure-a-funnel-architecture.json# Conditional Fields by Requirement Type","asset-class-form-path;channel-adaptive-form;format-conditional-branch;funnel-conversion;persona-automation-engineer;persona-oem-integrator;problem-integration-requirement;product-family-cross-family;readiness-decision-required;recurrence-continuous;scope-approval-required;solution-cross-family;stage-cross-stage;validation-technical-required;workstream-forms-and-routing","Raw architecture specifies this branch, but broader OEM/integration expansion requires written approval. Do not build a standalone OEM page."
"FA-0134","","Lead classification engine","workflow","lead-classification-engine","forms-and-routing","cross-family","cross-family","not-applicable","cross-stage","internal-operations;sales-engineer","routing-clarity","internal-operations","internal-routing","classification-rule","Assign one controlled lead classification before routing.","Protect technical and sales bandwidth while preserving service and scope gates.","not-applicable","routing-workflows","continuous","1","funnel-operational","yes","critical","specified","not-applicable","not-started","not-required","not-started","unassigned","FA-0120","funnel-build/forms-and-routing/adaptive-requirement-form-routing.md# Classification Logic","asset-class-workflow;channel-internal-routing;format-classification-rule;funnel-internal-operations;persona-internal-operations;persona-sales-engineer;problem-routing-clarity;product-family-cross-family;readiness-specified;recurrence-continuous;scope-funnel-operational;solution-cross-family;stage-cross-stage;validation-technical-not-required;workstream-forms-and-routing","No additional note."
"FA-0135","FA-0134","High-intent sales classification","workflow","classification-rule","forms-and-routing","cross-family","cross-family","not-applicable","cross-stage","internal-operations;sales-engineer","routing-clarity","commercial-discussion","internal-routing","classification-rule","Apply the high-intent sales classification rule consistently.","High-intent sales classification","not-applicable","sales-application-owner","continuous","1-rule","funnel-operational","yes","critical","specified","not-applicable","not-started","not-required","not-started","unassigned","FA-0134","funnel-build/forms-and-routing/adaptive-requirement-form-routing.md# Classification Logic","asset-class-workflow;channel-internal-routing;classification-high-intent-sales;format-classification-rule;funnel-commercial-discussion;persona-internal-operations;persona-sales-engineer;problem-routing-clarity;product-family-cross-family;readiness-specified;recurrence-continuous;scope-funnel-operational;solution-cross-family;stage-cross-stage;validation-technical-not-required;workstream-forms-and-routing","No additional note."
"FA-0136","FA-0134","Technical qualification classification","workflow","classification-rule","forms-and-routing","cross-family","cross-family","not-applicable","cross-stage","internal-operations;sales-engineer","routing-clarity","technical-evaluation","internal-routing","classification-rule","Apply the technical qualification classification rule consistently.","Technical qualification classification","not-applicable","sales-application-owner","continuous","1-rule","funnel-operational","yes","critical","specified","not-applicable","not-started","not-required","not-started","unassigned","FA-0134","funnel-build/forms-and-routing/adaptive-requirement-form-routing.md# Classification Logic","asset-class-workflow;channel-internal-routing;classification-technical-qualification;format-classification-rule;funnel-technical-evaluation;persona-internal-operations;persona-sales-engineer;problem-routing-clarity;product-family-cross-family;readiness-specified;recurrence-continuous;scope-funnel-operational;solution-cross-family;stage-cross-stage;validation-technical-not-required;workstream-forms-and-routing","No additional note."
"FA-0137","FA-0134","Proof-pack request classification","workflow","classification-rule","forms-and-routing","cross-family","cross-family","not-applicable","cross-stage","internal-operations;sales-engineer","routing-clarity","consideration","internal-routing","classification-rule","Apply the proof-pack request classification rule consistently.","Proof-pack request classification","not-applicable","sales-application-owner","continuous","1-rule","funnel-operational","yes","critical","specified","not-applicable","not-started","not-required","not-started","unassigned","FA-0134","funnel-build/forms-and-routing/adaptive-requirement-form-routing.md# Classification Logic","asset-class-workflow;channel-internal-routing;classification-proof-pack-request;format-classification-rule;funnel-consideration;persona-internal-operations;persona-sales-engineer;problem-routing-clarity;product-family-cross-family;readiness-specified;recurrence-continuous;scope-funnel-operational;solution-cross-family;stage-cross-stage;validation-technical-not-required;workstream-forms-and-routing","No additional note."
"FA-0138","FA-0134","Service/support classification","workflow","classification-rule","forms-and-routing","cross-family","cross-family","not-applicable","cross-stage","internal-operations;sales-engineer","routing-clarity","retention-expansion","internal-routing","classification-rule","Apply the service/support classification rule consistently.","Service/support classification","not-applicable","service-support-owner","continuous","1-rule","funnel-operational","yes","critical","specified","not-applicable","not-started","not-required","not-started","unassigned","FA-0134","funnel-build/forms-and-routing/adaptive-requirement-form-routing.md# Classification Logic","asset-class-workflow;channel-internal-routing;classification-service-support;format-classification-rule;funnel-retention-expansion;persona-internal-operations;persona-sales-engineer;problem-routing-clarity;product-family-cross-family;readiness-specified;recurrence-continuous;scope-funnel-operational;solution-cross-family;stage-cross-stage;validation-technical-not-required;workstream-forms-and-routing","No additional note."
"FA-0139","FA-0134","Support-item context classification","workflow","classification-rule","forms-and-routing","cross-family","cross-family","not-applicable","cross-stage","internal-operations;sales-engineer","routing-clarity","technical-evaluation","internal-routing","classification-rule","Apply the support-item context classification rule consistently.","Support-item context classification","not-applicable","sales-application-owner","continuous","1-rule","covered-support","yes","critical","specified","not-applicable","not-started","not-required","not-started","unassigned","FA-0134","funnel-build/forms-and-routing/adaptive-requirement-form-routing.md# Classification Logic","asset-class-workflow;channel-internal-routing;classification-support-item-context;format-classification-rule;funnel-technical-evaluation;persona-internal-operations;persona-sales-engineer;problem-routing-clarity;product-family-cross-family;readiness-specified;recurrence-continuous;scope-covered-support;solution-cross-family;stage-cross-stage;validation-technical-not-required;workstream-forms-and-routing","No additional note."
"FA-0140","FA-0134","Out-of-scope classification","workflow","classification-rule","forms-and-routing","cross-family","cross-family","not-applicable","cross-stage","internal-operations;sales-engineer","scope-clarity","internal-operations","internal-routing","classification-rule","Apply the out-of-scope classification rule consistently.","Out-of-scope classification","not-applicable","commercial-review","continuous","1-rule","governance","yes","critical","specified","not-applicable","not-started","not-required","not-started","unassigned","FA-0134","funnel-build/forms-and-routing/adaptive-requirement-form-routing.md# Classification Logic","asset-class-workflow;channel-internal-routing;classification-out-of-scope;format-classification-rule;funnel-internal-operations;persona-internal-operations;persona-sales-engineer;problem-scope-clarity;product-family-cross-family;readiness-specified;recurrence-continuous;scope-governance;solution-cross-family;stage-cross-stage;validation-technical-not-required;workstream-forms-and-routing","No additional note."
"FA-0141","FA-0134","Online Measurement routing workflow","workflow","routing-workflow","forms-and-routing","inline-measurement-dimensional-control","inline-measurement-dimensional-control","not-applicable","online-measurement","internal-operations;sales-engineer","routing-clarity","internal-operations","internal-routing","routing-workflow","Route the classified enquiry to laser-product-application-owner.","Online Measurement routing workflow","not-applicable","laser-product-application-owner","continuous","1-workflow","signed-primary","yes","critical","specified","not-applicable","not-started","not-required","not-started","unassigned","FA-0134","funnel-build/forms-and-routing/adaptive-requirement-form-routing.md# Routing Rules","asset-class-workflow;channel-internal-routing;format-routing-workflow;funnel-internal-operations;persona-internal-operations;persona-sales-engineer;problem-routing-clarity;product-family-inline-measurement-dimensional-control;readiness-specified;recurrence-continuous;scope-signed-primary;solution-inline-measurement-dimensional-control;stage-online-measurement;validation-technical-not-required;workstream-forms-and-routing","No additional note."
"FA-0142","FA-0134","Spark Testing routing workflow","workflow","routing-workflow","forms-and-routing","inline-spark-testing-insulation-fault-detection","inline-spark-testing-insulation-fault-detection","not-applicable","spark-fault-inspection","internal-operations;sales-engineer","routing-clarity","internal-operations","internal-routing","routing-workflow","Route the classified enquiry to spark-product-application-owner.","Spark Testing routing workflow","not-applicable","spark-product-application-owner","continuous","1-workflow","signed-primary","yes","critical","specified","not-applicable","not-started","not-required","not-started","unassigned","FA-0134","funnel-build/forms-and-routing/adaptive-requirement-form-routing.md# Routing Rules","asset-class-workflow;channel-internal-routing;format-routing-workflow;funnel-internal-operations;persona-internal-operations;persona-sales-engineer;problem-routing-clarity;product-family-inline-spark-testing-insulation-fault-detection;readiness-specified;recurrence-continuous;scope-signed-primary;solution-inline-spark-testing-insulation-fault-detection;stage-spark-fault-inspection;validation-technical-not-required;workstream-forms-and-routing","No additional note."
"FA-0143","FA-0134","Cable Testing & Validation routing workflow","workflow","routing-workflow","forms-and-routing","cable-testing-validation","cable-testing-validation","not-applicable","offline-hv-testing","internal-operations;sales-engineer","routing-clarity","internal-operations","internal-routing","routing-workflow","Route the classified enquiry to testing-quality-product-owner.","Cable Testing & Validation routing workflow","not-applicable","testing-quality-product-owner","continuous","1-workflow","signed-primary","yes","critical","specified","not-applicable","not-started","not-required","not-started","unassigned","FA-0134","funnel-build/forms-and-routing/adaptive-requirement-form-routing.md# Routing Rules","asset-class-workflow;channel-internal-routing;format-routing-workflow;funnel-internal-operations;persona-internal-operations;persona-sales-engineer;problem-routing-clarity;product-family-cable-testing-validation;readiness-specified;recurrence-continuous;scope-signed-primary;solution-cable-testing-validation;stage-offline-hv-testing;validation-technical-not-required;workstream-forms-and-routing","No additional note."
"FA-0144","FA-0134","Fire Resistance specialist routing workflow","workflow","routing-workflow","forms-and-routing","cable-testing-validation","cable-testing-validation","not-applicable","fire-compliance-testing","internal-operations;sales-engineer","routing-clarity","internal-operations","internal-routing","routing-workflow","Route the classified enquiry to specialist-system-owner.","Fire Resistance specialist routing workflow","not-applicable","specialist-system-owner","continuous","1-workflow","signed-primary","yes","critical","specified","not-applicable","not-started","not-required","not-started","unassigned","FA-0134","funnel-build/forms-and-routing/adaptive-requirement-form-routing.md# Routing Rules","asset-class-workflow;channel-internal-routing;format-routing-workflow;funnel-internal-operations;persona-internal-operations;persona-sales-engineer;problem-routing-clarity;product-family-cable-testing-validation;readiness-specified;recurrence-continuous;scope-signed-primary;solution-cable-testing-validation;stage-fire-compliance-testing;validation-technical-not-required;workstream-forms-and-routing","No additional note."
"FA-0145","FA-0134","PF-04/PF-05 cross-family routing workflow","workflow","routing-workflow","forms-and-routing","cross-family","cross-family","not-applicable","tension-braking-control;pay-off-unwind;rewinding-coiling","internal-operations;sales-engineer","routing-clarity","internal-operations","internal-routing","routing-workflow","Route the classified enquiry to tension-braking-line-control-owner.","PF-04/PF-05 cross-family routing workflow","not-applicable","tension-braking-line-control-owner","continuous","1-workflow","signed-primary","yes","critical","specified","not-applicable","not-started","not-required","not-started","unassigned","FA-0134","funnel-build/forms-and-routing/adaptive-requirement-form-routing.md# Routing Rules","asset-class-workflow;channel-internal-routing;format-routing-workflow;funnel-internal-operations;persona-internal-operations;persona-sales-engineer;problem-routing-clarity;product-family-cross-family;readiness-specified;recurrence-continuous;scope-signed-primary;solution-cross-family;stage-pay-off-unwind;stage-rewinding-coiling;stage-tension-braking-control;validation-technical-not-required;workstream-forms-and-routing","No additional note."
"FA-0146","FA-0134","Technical proof-request routing workflow","workflow","routing-workflow","forms-and-routing","cross-family","cross-family","not-applicable","cross-stage","internal-operations;sales-engineer","routing-clarity","internal-operations","internal-routing","routing-workflow","Route the classified enquiry to sales-application-owner.","Technical proof-request routing workflow","not-applicable","sales-application-owner","continuous","1-workflow","funnel-operational","yes","critical","specified","not-applicable","not-started","not-required","not-started","unassigned","FA-0134","funnel-build/forms-and-routing/adaptive-requirement-form-routing.md# Routing Rules","asset-class-workflow;channel-internal-routing;format-routing-workflow;funnel-internal-operations;persona-internal-operations;persona-sales-engineer;problem-routing-clarity;product-family-cross-family;readiness-specified;recurrence-continuous;scope-funnel-operational;solution-cross-family;stage-cross-stage;validation-technical-not-required;workstream-forms-and-routing","No additional note."
"FA-0147","FA-0134","Service/support routing workflow","workflow","routing-workflow","forms-and-routing","cross-family","cross-family","not-applicable","cross-stage","internal-operations;sales-engineer","routing-clarity","internal-operations","internal-routing","routing-workflow","Route the classified enquiry to service-support-owner.","Service/support routing workflow","not-applicable","service-support-owner","continuous","1-workflow","funnel-operational","yes","critical","specified","not-applicable","not-started","not-required","not-started","unassigned","FA-0134","funnel-build/forms-and-routing/adaptive-requirement-form-routing.md# Routing Rules","asset-class-workflow;channel-internal-routing;format-routing-workflow;funnel-internal-operations;persona-internal-operations;persona-sales-engineer;problem-routing-clarity;product-family-cross-family;readiness-specified;recurrence-continuous;scope-funnel-operational;solution-cross-family;stage-cross-stage;validation-technical-not-required;workstream-forms-and-routing","No additional note."
"FA-0148","FA-0134","Out-of-scope and expansion commercial-review workflow","workflow","routing-workflow","forms-and-routing","cross-family","cross-family","not-applicable","cross-stage","internal-operations;sales-engineer","scope-clarity","internal-operations","internal-routing","routing-workflow","Route the classified enquiry to commercial-review.","Out-of-scope and expansion commercial-review workflow","not-applicable","commercial-review","continuous","1-workflow","governance","yes","critical","specified","not-applicable","not-started","not-required","approved","unassigned","FA-0134","funnel-build/forms-and-routing/adaptive-requirement-form-routing.md# Routing Rules","asset-class-workflow;channel-internal-routing;format-routing-workflow;funnel-internal-operations;persona-internal-operations;persona-sales-engineer;problem-scope-clarity;product-family-cross-family;readiness-specified;recurrence-continuous;scope-governance;solution-cross-family;stage-cross-stage;validation-technical-not-required;workstream-forms-and-routing","No additional note."
"FA-0149","FA-0134","Lead handoff data schema","integration-asset","handoff-schema","forms-and-routing","cross-family","cross-family","not-applicable","data-reporting-layer","internal-operations;sales-engineer","routing-clarity","internal-operations","internal-routing","handoff-schema","Carry submitted data, candidate product, scope treatment, classification, urgency, proof suggestions, owner, next action, SLA, and caveats.","Carry submitted data, candidate product, scope treatment, classification, urgency, proof suggestions, owner, next action, SLA, and caveats.","not-applicable","lead-destination","continuous","1","funnel-operational","yes","critical","specified","not-applicable","not-started","not-required","not-started","unassigned","FA-0134","funnel-build/forms-and-routing/adaptive-requirement-form-routing.md# Handoff Fields","asset-class-integration-asset;channel-internal-routing;format-handoff-schema;funnel-internal-operations;persona-internal-operations;persona-sales-engineer;problem-routing-clarity;product-family-cross-family;readiness-specified;recurrence-continuous;scope-funnel-operational;solution-cross-family;stage-data-reporting-layer;validation-technical-not-required;workstream-forms-and-routing","No additional note."
"FA-0150","FA-0134","Routing ownership and SLA matrix","integration-asset","data-model","forms-and-routing","cross-family","cross-family","not-applicable","data-reporting-layer","internal-operations;sales-engineer","routing-clarity","internal-operations","internal-routing","data-model","Define accountable roles, response targets, ageing, and blocked-reason handling.","Define accountable roles, response targets, ageing, and blocked-reason handling.","not-applicable","dashboard-routing-ownership","continuous","1","funnel-operational","yes","critical","specified","not-applicable","not-started","not-required","not-started","unassigned","FA-0134","funnel-build/forms-and-routing/adaptive-requirement-form-routing.md# Handoff Fields","asset-class-integration-asset;channel-internal-routing;format-data-model;funnel-internal-operations;persona-internal-operations;persona-sales-engineer;problem-routing-clarity;product-family-cross-family;readiness-specified;recurrence-continuous;scope-funnel-operational;solution-cross-family;stage-data-reporting-layer;validation-technical-not-required;workstream-forms-and-routing","No additional note."
"FA-0151","FA-0134","Signed-scope and support-item routing gate","governance-asset","governance-record","governance","cross-family","cross-family","not-applicable","data-reporting-layer","internal-operations;sales-engineer","scope-clarity","internal-operations","internal-routing","governance-record","Stop excluded requests and support-only items from becoming commitments.","Stop excluded requests and support-only items from becoming commitments.","not-applicable","route-commercial-review","continuous","1","governance","yes","critical","specified","not-applicable","not-started","not-required","approved","unassigned","FA-0134","data/notion-export/raw-page-fetches/services-agreement-final-signature-copy.json# 8. Scope Control and Change Requests;docs/00-governance/exclusions-and-change-control.md","asset-class-governance-asset;channel-internal-routing;format-governance-record;funnel-internal-operations;persona-internal-operations;persona-sales-engineer;problem-scope-clarity;product-family-cross-family;readiness-specified;recurrence-continuous;scope-governance;solution-cross-family;stage-data-reporting-layer;validation-technical-not-required;workstream-governance","No additional note."
"FA-0152","","Funnel dashboard and management visibility layer","dashboard","dashboard-system","dashboard-and-reporting","cross-family","cross-family","not-applicable","data-reporting-layer","internal-operations;plant-head;owner-director;commercial-decision-maker","management-visibility","internal-operations","dashboard","dashboard-view","Show emerging demand, enquiry quality, activation delivery, routing accountability, and learning.","Non-binding management visibility; no lead or sales guarantees.","not-applicable","monthly-reporting-pack","continuous","1","signed-primary","yes","critical","specified","not-started","not-started","not-required","not-started","unassigned","FA-0149","funnel-build/dashboard-and-reporting/dashboard-reporting-model.md;data/notion-export/raw-page-fetches/internal-copy-annexure-a-funnel-architecture.json# 14. Dashboard and Management Visibility","asset-class-dashboard;channel-dashboard;format-dashboard-view;funnel-internal-operations;persona-commercial-decision-maker;persona-internal-operations;persona-owner-director;persona-plant-head;problem-management-visibility;product-family-cross-family;readiness-specified;recurrence-continuous;scope-signed-primary;solution-cross-family;stage-data-reporting-layer;validation-technical-not-required;workstream-dashboard-and-reporting","No additional note."
"FA-0153","FA-0152","Product-family demand dashboard view","dashboard","dashboard-view","dashboard-and-reporting","cross-family","cross-family","not-applicable","data-reporting-layer","internal-operations;owner-director;commercial-decision-maker;sales-engineer","product-demand","internal-operations","dashboard","dashboard-view","Product family, solution block, model, volume, and enquiry quality.","Product family, Product Family, model, volume, and enquiry quality.","not-applicable","monthly-reporting-pack","continuous","1-view","signed-primary","yes","high","specified","not-started","not-started","not-required","not-started","unassigned","FA-0152","funnel-build/dashboard-and-reporting/dashboard-reporting-model.md# Dashboard Views;data/notion-export/raw-page-fetches/internal-copy-annexure-a-funnel-architecture.json# Recommended Dashboard Views","asset-class-dashboard;channel-dashboard;format-dashboard-view;funnel-internal-operations;persona-commercial-decision-maker;persona-internal-operations;persona-owner-director;persona-sales-engineer;problem-product-demand;product-family-cross-family;readiness-specified;recurrence-continuous;scope-signed-primary;solution-cross-family;stage-data-reporting-layer;validation-technical-not-required;workstream-dashboard-and-reporting","No additional note."
"FA-0154","FA-0152","Buyer segments dashboard view","dashboard","dashboard-view","dashboard-and-reporting","cross-family","cross-family","not-applicable","data-reporting-layer","internal-operations;owner-director;commercial-decision-maker;sales-engineer","buyer-segment","internal-operations","dashboard","dashboard-view","Buyer role, company type, geography, source, and classification.","Buyer role, company type, geography, source, and classification.","not-applicable","monthly-reporting-pack","continuous","1-view","signed-primary","yes","high","specified","not-started","not-started","not-required","not-started","unassigned","FA-0152","funnel-build/dashboard-and-reporting/dashboard-reporting-model.md# Dashboard Views;data/notion-export/raw-page-fetches/internal-copy-annexure-a-funnel-architecture.json# Recommended Dashboard Views","asset-class-dashboard;channel-dashboard;format-dashboard-view;funnel-internal-operations;persona-commercial-decision-maker;persona-internal-operations;persona-owner-director;persona-sales-engineer;problem-buyer-segment;product-family-cross-family;readiness-specified;recurrence-continuous;scope-signed-primary;solution-cross-family;stage-data-reporting-layer;validation-technical-not-required;workstream-dashboard-and-reporting","No additional note."
"FA-0155","FA-0152","Problem and process-stage demand dashboard view","dashboard","dashboard-view","dashboard-and-reporting","cross-family","cross-family","not-applicable","data-reporting-layer","internal-operations;owner-director;commercial-decision-maker;sales-engineer","problem-demand","internal-operations","dashboard","dashboard-view","Problem, production stage, urgency, and solution block.","Problem, production stage, urgency, and Product Family.","not-applicable","monthly-reporting-pack","continuous","1-view","signed-primary","yes","high","specified","not-started","not-started","not-required","not-started","unassigned","FA-0152","funnel-build/dashboard-and-reporting/dashboard-reporting-model.md# Dashboard Views;data/notion-export/raw-page-fetches/internal-copy-annexure-a-funnel-architecture.json# Recommended Dashboard Views","asset-class-dashboard;channel-dashboard;format-dashboard-view;funnel-internal-operations;persona-commercial-decision-maker;persona-internal-operations;persona-owner-director;persona-sales-engineer;problem-problem-demand;product-family-cross-family;readiness-specified;recurrence-continuous;scope-signed-primary;solution-cross-family;stage-data-reporting-layer;validation-technical-not-required;workstream-dashboard-and-reporting","No additional note."
"FA-0156","FA-0152","Enquiry quality dashboard view","dashboard","dashboard-view","dashboard-and-reporting","cross-family","cross-family","not-applicable","data-reporting-layer","internal-operations;owner-director;commercial-decision-maker;sales-engineer","enquiry-quality","internal-operations","dashboard","dashboard-view","Classification, completeness, owner, next action, and service/out-of-scope split.","Classification, completeness, owner, next action, and service/out-of-scope split.","not-applicable","monthly-reporting-pack","continuous","1-view","signed-primary","yes","high","specified","not-started","not-started","not-required","not-started","unassigned","FA-0152","funnel-build/dashboard-and-reporting/dashboard-reporting-model.md# Dashboard Views;data/notion-export/raw-page-fetches/internal-copy-annexure-a-funnel-architecture.json# Recommended Dashboard Views","asset-class-dashboard;channel-dashboard;format-dashboard-view;funnel-internal-operations;persona-commercial-decision-maker;persona-internal-operations;persona-owner-director;persona-sales-engineer;problem-enquiry-quality;product-family-cross-family;readiness-specified;recurrence-continuous;scope-signed-primary;solution-cross-family;stage-data-reporting-layer;validation-technical-not-required;workstream-dashboard-and-reporting","No additional note."
"FA-0157","FA-0152","Routing ownership dashboard view","dashboard","dashboard-view","dashboard-and-reporting","cross-family","cross-family","not-applicable","data-reporting-layer","internal-operations;owner-director;commercial-decision-maker;sales-engineer","routing-accountability","internal-operations","dashboard","dashboard-view","Owner, SLA, status, ageing, and blocked reason.","Owner, SLA, status, ageing, and blocked reason.","not-applicable","monthly-reporting-pack","continuous","1-view","signed-primary","yes","high","specified","not-started","not-started","not-required","not-started","unassigned","FA-0152","funnel-build/dashboard-and-reporting/dashboard-reporting-model.md# Dashboard Views;data/notion-export/raw-page-fetches/internal-copy-annexure-a-funnel-architecture.json# Recommended Dashboard Views","asset-class-dashboard;channel-dashboard;format-dashboard-view;funnel-internal-operations;persona-commercial-decision-maker;persona-internal-operations;persona-owner-director;persona-sales-engineer;problem-routing-accountability;product-family-cross-family;readiness-specified;recurrence-continuous;scope-signed-primary;solution-cross-family;stage-data-reporting-layer;validation-technical-not-required;workstream-dashboard-and-reporting","No additional note."
"FA-0158","FA-0152","LinkedIn outreach dashboard view","dashboard","dashboard-view","dashboard-and-reporting","cross-family","cross-family","not-applicable","data-reporting-layer","internal-operations;owner-director;commercial-decision-maker;sales-engineer","outreach-performance","internal-operations","dashboard","dashboard-view","Prospects, connection requests, follow-ups, replies, and dialogue starts.","Prospects, connection requests, follow-ups, replies, and dialogue starts.","not-applicable","monthly-reporting-pack","continuous","1-view","signed-primary","yes","high","specified","not-started","not-started","not-required","not-started","unassigned","FA-0152","funnel-build/dashboard-and-reporting/dashboard-reporting-model.md# Dashboard Views;data/notion-export/raw-page-fetches/internal-copy-annexure-a-funnel-architecture.json# Recommended Dashboard Views","asset-class-dashboard;channel-dashboard;format-dashboard-view;funnel-internal-operations;persona-commercial-decision-maker;persona-internal-operations;persona-owner-director;persona-sales-engineer;problem-outreach-performance;product-family-cross-family;readiness-specified;recurrence-continuous;scope-signed-primary;solution-cross-family;stage-data-reporting-layer;validation-technical-not-required;workstream-dashboard-and-reporting","No additional note."
"FA-0159","FA-0152","Cold email dashboard view","dashboard","dashboard-view","dashboard-and-reporting","cross-family","cross-family","not-applicable","data-reporting-layer","internal-operations;owner-director;commercial-decision-maker;sales-engineer","outreach-performance","internal-operations","dashboard","dashboard-view","Sends, deliverability observations, replies, triage, and dialogue starts.","Sends, deliverability observations, replies, triage, and dialogue starts.","not-applicable","monthly-reporting-pack","continuous","1-view","signed-primary","yes","high","specified","not-started","not-started","not-required","not-started","unassigned","FA-0152","funnel-build/dashboard-and-reporting/dashboard-reporting-model.md# Dashboard Views;data/notion-export/raw-page-fetches/internal-copy-annexure-a-funnel-architecture.json# Recommended Dashboard Views","asset-class-dashboard;channel-dashboard;format-dashboard-view;funnel-internal-operations;persona-commercial-decision-maker;persona-internal-operations;persona-owner-director;persona-sales-engineer;problem-outreach-performance;product-family-cross-family;readiness-specified;recurrence-continuous;scope-signed-primary;solution-cross-family;stage-data-reporting-layer;validation-technical-not-required;workstream-dashboard-and-reporting","No additional note."
"FA-0160","FA-0152","Monthly activation outputs dashboard view","dashboard","dashboard-view","dashboard-and-reporting","cross-family","cross-family","not-applicable","data-reporting-layer","internal-operations;owner-director;commercial-decision-maker;sales-engineer","delivery-accountability","internal-operations","dashboard","dashboard-view","Technical assets, Company Page posts, leadership posts, and reports against scope.","Technical assets, Company Page posts, leadership posts, and reports against scope.","not-applicable","monthly-reporting-pack","continuous","1-view","signed-primary","yes","high","specified","not-started","not-started","not-required","not-started","unassigned","FA-0152","funnel-build/dashboard-and-reporting/dashboard-reporting-model.md# Dashboard Views;data/notion-export/raw-page-fetches/internal-copy-annexure-a-funnel-architecture.json# Recommended Dashboard Views","asset-class-dashboard;channel-dashboard;format-dashboard-view;funnel-internal-operations;persona-commercial-decision-maker;persona-internal-operations;persona-owner-director;persona-sales-engineer;problem-delivery-accountability;product-family-cross-family;readiness-specified;recurrence-continuous;scope-signed-primary;solution-cross-family;stage-data-reporting-layer;validation-technical-not-required;workstream-dashboard-and-reporting","No additional note."
"FA-0161","FA-0152","Technical Library engagement dashboard view","dashboard","dashboard-view","dashboard-and-reporting","cross-family","cross-family","not-applicable","data-reporting-layer","internal-operations;owner-director;commercial-decision-maker;sales-engineer","proof-engagement","internal-operations","dashboard","dashboard-view","Proof asset requests, consumption, and proof-to-form movement.","Proof asset requests, consumption, and proof-to-form movement.","not-applicable","monthly-reporting-pack","continuous","1-view","signed-primary","yes","high","specified","not-started","not-started","not-required","not-started","unassigned","FA-0152","funnel-build/dashboard-and-reporting/dashboard-reporting-model.md# Dashboard Views;data/notion-export/raw-page-fetches/internal-copy-annexure-a-funnel-architecture.json# Recommended Dashboard Views","asset-class-dashboard;channel-dashboard;format-dashboard-view;funnel-internal-operations;persona-commercial-decision-maker;persona-internal-operations;persona-owner-director;persona-sales-engineer;problem-proof-engagement;product-family-cross-family;readiness-specified;recurrence-continuous;scope-signed-primary;solution-cross-family;stage-data-reporting-layer;validation-technical-not-required;workstream-dashboard-and-reporting","No additional note."
"FA-0162","FA-0152","Adaptive form performance dashboard view","dashboard","dashboard-view","dashboard-and-reporting","cross-family","cross-family","not-applicable","data-reporting-layer","internal-operations;owner-director;commercial-decision-maker;sales-engineer","form-usability","internal-operations","dashboard","dashboard-view","Entry path, completion, technical-context quality, and service share.","Entry path, completion, technical-context quality, and service share.","not-applicable","monthly-reporting-pack","continuous","1-view","signed-primary","yes","high","specified","not-started","not-started","not-required","not-started","unassigned","FA-0152","funnel-build/dashboard-and-reporting/dashboard-reporting-model.md# Dashboard Views;data/notion-export/raw-page-fetches/internal-copy-annexure-a-funnel-architecture.json# Recommended Dashboard Views","asset-class-dashboard;channel-dashboard;format-dashboard-view;funnel-internal-operations;persona-commercial-decision-maker;persona-internal-operations;persona-owner-director;persona-sales-engineer;problem-form-usability;product-family-cross-family;readiness-specified;recurrence-continuous;scope-signed-primary;solution-cross-family;stage-data-reporting-layer;validation-technical-not-required;workstream-dashboard-and-reporting","No additional note."
"FA-0163","FA-0152","Opportunity creation dashboard view","dashboard","dashboard-view","dashboard-and-reporting","cross-family","cross-family","not-applicable","data-reporting-layer","internal-operations;owner-director;commercial-decision-maker;sales-engineer","commercial-visibility","internal-operations","dashboard","dashboard-view","Downstream opportunity creation where the chosen CRM or handoff process supports it.","Downstream opportunity creation where the chosen CRM or handoff process supports it.","not-applicable","monthly-reporting-pack","continuous","1-view","approval-required","decision-required","low","specified","decision-required","decision-required","not-required","decision-required","unassigned","FA-0152","funnel-build/dashboard-and-reporting/dashboard-reporting-model.md# Dashboard Views;data/notion-export/raw-page-fetches/internal-copy-annexure-a-funnel-architecture.json# Recommended Dashboard Views","asset-class-dashboard;channel-dashboard;format-dashboard-view;funnel-internal-operations;persona-commercial-decision-maker;persona-internal-operations;persona-owner-director;persona-sales-engineer;problem-commercial-visibility;product-family-cross-family;readiness-decision-required;recurrence-continuous;scope-approval-required;solution-cross-family;stage-data-reporting-layer;validation-technical-not-required;workstream-dashboard-and-reporting","Raw architecture specifies this view, but implementation depends on a chosen CRM/opportunity source and approval."
"FA-0164","FA-0152","Monthly reporting pack","report","reporting-pack","dashboard-and-reporting","cross-family","cross-family","not-applicable","data-reporting-layer","internal-operations;owner-director;commercial-decision-maker;sales-engineer","management-visibility","internal-operations","reporting","reporting-pack","Combine delivery counts, outreach observations, demand learning, routing issues, scope risks, and next-month recommendations.","Combine delivery counts, outreach observations, demand learning, routing issues, scope risks, and next-month recommendations.","not-applicable","monthly-optimization","monthly","1","signed-primary","yes","high","specified","not-started","not-started","not-required","not-started","unassigned","FA-0152","funnel-build/dashboard-and-reporting/dashboard-reporting-model.md# Monthly Reporting Pack","asset-class-report;channel-reporting;format-reporting-pack;funnel-internal-operations;persona-commercial-decision-maker;persona-internal-operations;persona-owner-director;persona-sales-engineer;problem-management-visibility;product-family-cross-family;readiness-specified;recurrence-monthly;scope-signed-primary;solution-cross-family;stage-data-reporting-layer;validation-technical-not-required;workstream-dashboard-and-reporting","No additional note."
"FA-0165","FA-0152","Monthly reporting pack reusable template","report","report-template","dashboard-and-reporting","cross-family","cross-family","not-applicable","data-reporting-layer","internal-operations;owner-director;commercial-decision-maker;sales-engineer","management-visibility","internal-operations","reporting","report-template","Provide the repeatable structure for all 16 monthly reporting cycles.","Provide the repeatable structure for all 16 monthly reporting cycles.","not-applicable","monthly-optimization","monthly","1-template","signed-primary","yes","high","specified","not-started","not-started","not-required","not-started","unassigned","FA-0152","funnel-build/dashboard-and-reporting/dashboard-reporting-model.md# Monthly Reporting Pack","asset-class-report;channel-reporting;format-report-template;funnel-internal-operations;persona-commercial-decision-maker;persona-internal-operations;persona-owner-director;persona-sales-engineer;problem-management-visibility;product-family-cross-family;readiness-specified;recurrence-monthly;scope-signed-primary;solution-cross-family;stage-data-reporting-layer;validation-technical-not-required;workstream-dashboard-and-reporting","No additional note."
"FA-0166","FA-0152","Lead quality definitions and metric dictionary","report","data-model","dashboard-and-reporting","cross-family","cross-family","not-applicable","data-reporting-layer","internal-operations;owner-director;commercial-decision-maker;sales-engineer","management-visibility","internal-operations","reporting","data-model","Keep sales, technical qualification, proof, service, and out-of-scope definitions consistent.","Keep sales, technical qualification, proof, service, and out-of-scope definitions consistent.","not-applicable","monthly-optimization","as-needed","1","signed-primary","yes","high","specified","not-applicable","not-started","not-required","not-started","unassigned","FA-0152","funnel-build/dashboard-and-reporting/dashboard-reporting-model.md# Monthly Reporting Pack","asset-class-report;channel-reporting;format-data-model;funnel-internal-operations;persona-commercial-decision-maker;persona-internal-operations;persona-owner-director;persona-sales-engineer;problem-management-visibility;product-family-cross-family;readiness-specified;recurrence-as-needed;scope-signed-primary;solution-cross-family;stage-data-reporting-layer;validation-technical-not-required;workstream-dashboard-and-reporting","No additional note."
"FA-0167","FA-0152","Non-binding performance benchmark disclaimer","governance-asset","governance-record","dashboard-and-reporting","cross-family","cross-family","not-applicable","data-reporting-layer","internal-operations;owner-director;commercial-decision-maker;sales-engineer","management-visibility","internal-operations","reporting","governance-record","Preserve the approximately 15% to 20% dialogue-initiation benchmark as non-binding.","Preserve the approximately 15% to 20% dialogue-initiation benchmark as non-binding.","not-applicable","monthly-optimization","continuous","1","governance","yes","critical","specified","not-applicable","not-started","not-required","approved","unassigned","FA-0152","funnel-build/dashboard-and-reporting/dashboard-reporting-model.md# Governance","asset-class-governance-asset;channel-reporting;format-governance-record;funnel-internal-operations;persona-commercial-decision-maker;persona-internal-operations;persona-owner-director;persona-sales-engineer;problem-management-visibility;product-family-cross-family;readiness-specified;recurrence-continuous;scope-governance;solution-cross-family;stage-data-reporting-layer;validation-technical-not-required;workstream-dashboard-and-reporting","No additional note."
"FA-0168","","Monthly Demand Activation Operating System","operational-asset","monthly-operating-system","operations","cross-family","cross-family","not-applicable","data-reporting-layer","internal-operations;sales-engineer","delivery-accountability","cross-funnel","multi-channel","operating-plan","Coordinate the signed 16-month technical content, LinkedIn, cold-email, handoff, optimization, and reporting scope.","Reusable monthly operating system; not 16 duplicated calendar rows.","not-applicable","monthly-reporting-pack","monthly","16-month-cycle","signed-primary","yes","critical","approved","not-applicable","built","not-required","approved","unassigned","not-applicable","activation/monthly-operating-system/README.md;data/notion-export/raw-page-fetches/services-agreement-final-signature-copy.json# ANNEXURE B — Monthly Demand Activation Scope","asset-class-operational-asset;channel-multi-channel;format-operating-plan;funnel-cross-funnel;persona-internal-operations;persona-sales-engineer;problem-delivery-accountability;product-family-cross-family;readiness-built;recurrence-monthly;scope-signed-primary;solution-cross-family;stage-data-reporting-layer;validation-technical-not-required;workstream-operations","No additional note."
"FA-0169","FA-0168","Monthly content plan and topic-selection workboard","operational-asset","content-template","activation-content","cross-family","cross-family","not-applicable","data-reporting-layer","plant-head;production-manager;qa-qc-head;maintenance-head;automation-engineer;purchase-procurement;rd-technical-team;internal-operations","delivery-accountability","awareness;consideration;technical-evaluation;internal-operations","multi-channel","content-template","Plan the month around signed products, buyer problems, validation inputs, and approval dependencies.","Plan the month around signed products, buyer problems, validation inputs, and approval dependencies.","not-applicable","relevant-product-family","monthly","1","funnel-operational","yes","high","specified","not-started","not-started","pending-puretronics-validation","not-started","unassigned","FA-0168","activation/content/README.md;activation/monthly-operating-system/README.md# Monthly Scope","asset-class-operational-asset;channel-multi-channel;format-content-template;funnel-awareness;funnel-consideration;funnel-internal-operations;funnel-technical-evaluation;persona-automation-engineer;persona-internal-operations;persona-maintenance-head;persona-plant-head;persona-production-manager;persona-purchase-procurement;persona-qa-qc-head;persona-rd-technical-team;problem-delivery-accountability;product-family-cross-family;readiness-specified;recurrence-monthly;scope-funnel-operational;solution-cross-family;stage-data-reporting-layer;validation-technical-required;workstream-activation-content","No additional note."
"FA-0170","FA-0168","Technical thought-leadership/document asset series","activation-series","post-series","activation-content","cross-family","cross-family","not-applicable","data-reporting-layer","plant-head;production-manager;qa-qc-head;maintenance-head;automation-engineer;purchase-procurement;rd-technical-team;internal-operations","delivery-accountability","awareness;consideration;technical-evaluation;internal-operations","multi-channel","post-series","Produce the signed technical content family.","Produce the signed technical content family.","submit-technical-requirement","relevant-product-family","monthly","4","signed-primary","yes","critical","specified","not-started","not-started","pending-puretronics-validation","not-started","unassigned","FA-0168","activation/content/README.md;activation/monthly-operating-system/README.md# Monthly Scope","asset-class-activation-series;channel-multi-channel;commitment-technical-assets-monthly;format-post-series;funnel-awareness;funnel-consideration;funnel-internal-operations;funnel-technical-evaluation;persona-automation-engineer;persona-internal-operations;persona-maintenance-head;persona-plant-head;persona-production-manager;persona-purchase-procurement;persona-qa-qc-head;persona-rd-technical-team;problem-delivery-accountability;product-family-cross-family;readiness-specified;recurrence-monthly;scope-signed-primary;solution-cross-family;stage-data-reporting-layer;validation-technical-required;workstream-activation-content","No additional note."
"FA-0171","FA-0168","Company Page distribution post/asset series","activation-series","post-series","activation-content","cross-family","cross-family","not-applicable","data-reporting-layer","plant-head;production-manager;qa-qc-head;maintenance-head;automation-engineer;purchase-procurement;rd-technical-team;internal-operations","delivery-accountability","awareness;consideration;technical-evaluation;internal-operations","multi-channel","post-series","Distribute approved technical content from the Company Page.","Distribute approved technical content from the Company Page.","submit-technical-requirement","relevant-product-family","monthly","8","signed-primary","yes","critical","specified","not-started","not-started","pending-puretronics-validation","not-started","unassigned","FA-0168","activation/content/README.md;activation/monthly-operating-system/README.md# Monthly Scope","asset-class-activation-series;channel-multi-channel;commitment-company-page-assets-monthly;format-post-series;funnel-awareness;funnel-consideration;funnel-internal-operations;funnel-technical-evaluation;persona-automation-engineer;persona-internal-operations;persona-maintenance-head;persona-plant-head;persona-production-manager;persona-purchase-procurement;persona-qa-qc-head;persona-rd-technical-team;problem-delivery-accountability;product-family-cross-family;readiness-specified;recurrence-monthly;scope-signed-primary;solution-cross-family;stage-data-reporting-layer;validation-technical-required;workstream-activation-content","No additional note."
"FA-0172","FA-0168","Leadership or sales-profile LinkedIn post/asset series","activation-series","post-series","activation-content","cross-family","cross-family","not-applicable","data-reporting-layer","plant-head;production-manager;qa-qc-head;maintenance-head;automation-engineer;purchase-procurement;rd-technical-team;internal-operations","delivery-accountability","awareness;consideration;technical-evaluation;internal-operations","multi-channel","post-series","Distribute approved technical content through leadership or sales profiles.","Distribute approved technical content through leadership or sales profiles.","submit-technical-requirement","relevant-product-family","monthly","8","signed-primary","yes","critical","specified","not-started","not-started","pending-puretronics-validation","not-started","unassigned","FA-0168","activation/content/README.md;activation/monthly-operating-system/README.md# Monthly Scope","asset-class-activation-series;channel-multi-channel;commitment-leadership-assets-monthly;format-post-series;funnel-awareness;funnel-consideration;funnel-internal-operations;funnel-technical-evaluation;persona-automation-engineer;persona-internal-operations;persona-maintenance-head;persona-plant-head;persona-production-manager;persona-purchase-procurement;persona-qa-qc-head;persona-rd-technical-team;problem-delivery-accountability;product-family-cross-family;readiness-specified;recurrence-monthly;scope-signed-primary;solution-cross-family;stage-data-reporting-layer;validation-technical-required;workstream-activation-content","No additional note."
"FA-0173","FA-0168","Technical thought-leadership document template","operational-asset","content-template","activation-content","cross-family","cross-family","not-applicable","data-reporting-layer","plant-head;production-manager;qa-qc-head;maintenance-head;automation-engineer;purchase-procurement;rd-technical-team;internal-operations","delivery-accountability","awareness;consideration;technical-evaluation;internal-operations","multi-channel","content-template","Provide a reusable, proof-backed technical document structure.","Provide a reusable, proof-backed technical document structure.","not-applicable","relevant-product-family","as-needed","1-template","funnel-operational","no","high","specified","not-started","not-started","pending-puretronics-validation","not-started","unassigned","FA-0168","activation/content/README.md;activation/monthly-operating-system/README.md# Monthly Scope","asset-class-operational-asset;channel-multi-channel;format-content-template;funnel-awareness;funnel-consideration;funnel-internal-operations;funnel-technical-evaluation;persona-automation-engineer;persona-internal-operations;persona-maintenance-head;persona-plant-head;persona-production-manager;persona-purchase-procurement;persona-qa-qc-head;persona-rd-technical-team;problem-delivery-accountability;product-family-cross-family;readiness-specified;recurrence-as-needed;scope-funnel-operational;solution-cross-family;stage-data-reporting-layer;validation-technical-required;workstream-activation-content","No additional note."
"FA-0174","FA-0168","Company Page post template family","operational-asset","content-template","activation-content","cross-family","cross-family","not-applicable","data-reporting-layer","plant-head;production-manager;qa-qc-head;maintenance-head;automation-engineer;purchase-procurement;rd-technical-team;internal-operations","delivery-accountability","awareness;consideration;technical-evaluation;internal-operations","multi-channel","content-template","Provide reusable Company Page post structures.","Provide reusable Company Page post structures.","not-applicable","relevant-product-family","as-needed","1-template-family","funnel-operational","no","high","specified","not-started","not-started","pending-puretronics-validation","not-started","unassigned","FA-0168","activation/content/README.md;activation/monthly-operating-system/README.md# Monthly Scope","asset-class-operational-asset;channel-multi-channel;format-content-template;funnel-awareness;funnel-consideration;funnel-internal-operations;funnel-technical-evaluation;persona-automation-engineer;persona-internal-operations;persona-maintenance-head;persona-plant-head;persona-production-manager;persona-purchase-procurement;persona-qa-qc-head;persona-rd-technical-team;problem-delivery-accountability;product-family-cross-family;readiness-specified;recurrence-as-needed;scope-funnel-operational;solution-cross-family;stage-data-reporting-layer;validation-technical-required;workstream-activation-content","No additional note."
"FA-0175","FA-0168","Leadership/sales-profile post template family","operational-asset","content-template","activation-content","cross-family","cross-family","not-applicable","data-reporting-layer","plant-head;production-manager;qa-qc-head;maintenance-head;automation-engineer;purchase-procurement;rd-technical-team;internal-operations","delivery-accountability","awareness;consideration;technical-evaluation;internal-operations","multi-channel","content-template","Provide reusable personal-profile post structures.","Provide reusable personal-profile post structures.","not-applicable","relevant-product-family","as-needed","1-template-family","funnel-operational","no","high","specified","not-started","not-started","pending-puretronics-validation","not-started","unassigned","FA-0168","activation/content/README.md;activation/monthly-operating-system/README.md# Monthly Scope","asset-class-operational-asset;channel-multi-channel;format-content-template;funnel-awareness;funnel-consideration;funnel-internal-operations;funnel-technical-evaluation;persona-automation-engineer;persona-internal-operations;persona-maintenance-head;persona-plant-head;persona-production-manager;persona-purchase-procurement;persona-qa-qc-head;persona-rd-technical-team;problem-delivery-accountability;product-family-cross-family;readiness-specified;recurrence-as-needed;scope-funnel-operational;solution-cross-family;stage-data-reporting-layer;validation-technical-required;workstream-activation-content","No additional note."
"FA-0176","FA-0168","LinkedIn outreach program","activation-series","outreach-sequence","linkedin-outreach","cross-family","cross-family","not-applicable","data-reporting-layer","plant-head;production-manager;qa-qc-head;maintenance-head;automation-engineer;purchase-procurement;rd-technical-team;internal-operations","outreach-relevance","awareness;consideration;technical-evaluation;internal-operations","linkedin-outreach","outreach-sequence","Run signed monthly outreach to relevant prospects.","Run signed monthly outreach to relevant prospects.","submit-technical-requirement","relevant-product-family","monthly","300-prospects","signed-primary","yes","critical","specified","not-started","not-started","pending-puretronics-validation","not-started","unassigned","FA-0168","activation/linkedin-outreach/README.md;activation/monthly-operating-system/README.md# Monthly Scope","asset-class-activation-series;channel-linkedin-outreach;commitment-linkedin-prospects-monthly;format-outreach-sequence;funnel-awareness;funnel-consideration;funnel-internal-operations;funnel-technical-evaluation;persona-automation-engineer;persona-internal-operations;persona-maintenance-head;persona-plant-head;persona-production-manager;persona-purchase-procurement;persona-qa-qc-head;persona-rd-technical-team;problem-outreach-relevance;product-family-cross-family;readiness-specified;recurrence-monthly;scope-signed-primary;solution-cross-family;stage-data-reporting-layer;validation-technical-required;workstream-linkedin-outreach","No additional note."
"FA-0177","FA-0168","LinkedIn connection and follow-up sequence family","activation-series","outreach-sequence","linkedin-outreach","cross-family","cross-family","not-applicable","data-reporting-layer","plant-head;production-manager;qa-qc-head;maintenance-head;automation-engineer;purchase-procurement;rd-technical-team;internal-operations","outreach-relevance","awareness;consideration;technical-evaluation;internal-operations","linkedin-outreach","outreach-sequence","Provide the signed one connection request plus two follow-ups.","Provide the signed one connection request plus two follow-ups.","submit-technical-requirement","relevant-product-family","per-prospect","3-touch-sequence","signed-primary","yes","critical","specified","not-started","not-started","pending-puretronics-validation","not-started","unassigned","FA-0168","activation/linkedin-outreach/README.md;activation/monthly-operating-system/README.md# Monthly Scope","asset-class-activation-series;channel-linkedin-outreach;format-outreach-sequence;funnel-awareness;funnel-consideration;funnel-internal-operations;funnel-technical-evaluation;persona-automation-engineer;persona-internal-operations;persona-maintenance-head;persona-plant-head;persona-production-manager;persona-purchase-procurement;persona-qa-qc-head;persona-rd-technical-team;problem-outreach-relevance;product-family-cross-family;readiness-specified;recurrence-per-prospect;scope-signed-primary;solution-cross-family;stage-data-reporting-layer;validation-technical-required;workstream-linkedin-outreach","No additional note."
"FA-0178","FA-0168","LinkedIn connection request template","operational-asset","content-template","linkedin-outreach","cross-family","cross-family","not-applicable","data-reporting-layer","plant-head;production-manager;qa-qc-head;maintenance-head;automation-engineer;purchase-procurement;rd-technical-team;internal-operations","outreach-relevance","awareness;consideration;technical-evaluation;internal-operations","linkedin-outreach","content-template","Open a relevant, scoped connection conversation.","Open a relevant, scoped connection conversation.","not-applicable","relevant-product-family","as-needed","1-template","signed-primary","yes","high","specified","not-started","not-started","pending-puretronics-validation","not-started","unassigned","FA-0168","activation/linkedin-outreach/README.md;activation/monthly-operating-system/README.md# Monthly Scope","asset-class-operational-asset;channel-linkedin-outreach;format-content-template;funnel-awareness;funnel-consideration;funnel-internal-operations;funnel-technical-evaluation;persona-automation-engineer;persona-internal-operations;persona-maintenance-head;persona-plant-head;persona-production-manager;persona-purchase-procurement;persona-qa-qc-head;persona-rd-technical-team;problem-outreach-relevance;product-family-cross-family;readiness-specified;recurrence-as-needed;scope-signed-primary;solution-cross-family;stage-data-reporting-layer;validation-technical-required;workstream-linkedin-outreach","No additional note."
"FA-0179","FA-0168","LinkedIn follow-up 1 template","operational-asset","content-template","linkedin-outreach","cross-family","cross-family","not-applicable","data-reporting-layer","plant-head;production-manager;qa-qc-head;maintenance-head;automation-engineer;purchase-procurement;rd-technical-team;internal-operations","outreach-relevance","awareness;consideration;technical-evaluation;internal-operations","linkedin-outreach","content-template","Continue the signed LinkedIn sequence with relevant technical context.","Continue the signed LinkedIn sequence with relevant technical context.","not-applicable","relevant-product-family","as-needed","1-template","signed-primary","yes","high","specified","not-started","not-started","pending-puretronics-validation","not-started","unassigned","FA-0168","activation/linkedin-outreach/README.md;activation/monthly-operating-system/README.md# Monthly Scope","asset-class-operational-asset;channel-linkedin-outreach;format-content-template;funnel-awareness;funnel-consideration;funnel-internal-operations;funnel-technical-evaluation;persona-automation-engineer;persona-internal-operations;persona-maintenance-head;persona-plant-head;persona-production-manager;persona-purchase-procurement;persona-qa-qc-head;persona-rd-technical-team;problem-outreach-relevance;product-family-cross-family;readiness-specified;recurrence-as-needed;scope-signed-primary;solution-cross-family;stage-data-reporting-layer;validation-technical-required;workstream-linkedin-outreach","No additional note."
"FA-0180","FA-0168","LinkedIn follow-up 2 template","operational-asset","content-template","linkedin-outreach","cross-family","cross-family","not-applicable","data-reporting-layer","plant-head;production-manager;qa-qc-head;maintenance-head;automation-engineer;purchase-procurement;rd-technical-team;internal-operations","outreach-relevance","awareness;consideration;technical-evaluation;internal-operations","linkedin-outreach","content-template","Close the signed LinkedIn sequence without unsupported claims.","Close the signed LinkedIn sequence without unsupported claims.","not-applicable","relevant-product-family","as-needed","1-template","signed-primary","yes","high","specified","not-started","not-started","pending-puretronics-validation","not-started","unassigned","FA-0168","activation/linkedin-outreach/README.md;activation/monthly-operating-system/README.md# Monthly Scope","asset-class-operational-asset;channel-linkedin-outreach;format-content-template;funnel-awareness;funnel-consideration;funnel-internal-operations;funnel-technical-evaluation;persona-automation-engineer;persona-internal-operations;persona-maintenance-head;persona-plant-head;persona-production-manager;persona-purchase-procurement;persona-qa-qc-head;persona-rd-technical-team;problem-outreach-relevance;product-family-cross-family;readiness-specified;recurrence-as-needed;scope-signed-primary;solution-cross-family;stage-data-reporting-layer;validation-technical-required;workstream-linkedin-outreach","No additional note."
"FA-0181","FA-0168","Assisted LinkedIn inbox management and reply triage workflow","workflow","triage-workflow","linkedin-outreach","cross-family","cross-family","not-applicable","data-reporting-layer","plant-head;production-manager;qa-qc-head;maintenance-head;automation-engineer;purchase-procurement;rd-technical-team;internal-operations","outreach-relevance","awareness;consideration;technical-evaluation;internal-operations","linkedin-outreach","triage-workflow","Classify replies and hand qualified conversations to the right owner.","Classify replies and hand qualified conversations to the right owner.","not-applicable","lead-handoff-data-schema","continuous","1-workflow","signed-primary","yes","high","specified","not-applicable","not-started","not-required","not-started","unassigned","FA-0168","activation/linkedin-outreach/README.md;activation/monthly-operating-system/README.md# Monthly Scope","asset-class-workflow;channel-linkedin-outreach;format-triage-workflow;funnel-awareness;funnel-consideration;funnel-internal-operations;funnel-technical-evaluation;persona-automation-engineer;persona-internal-operations;persona-maintenance-head;persona-plant-head;persona-production-manager;persona-purchase-procurement;persona-qa-qc-head;persona-rd-technical-team;problem-outreach-relevance;product-family-cross-family;readiness-specified;recurrence-continuous;scope-signed-primary;solution-cross-family;stage-data-reporting-layer;validation-technical-not-required;workstream-linkedin-outreach","No additional note."
"FA-0182","FA-0168","LinkedIn monthly optimization and reporting asset","report","report-template","linkedin-outreach","cross-family","cross-family","not-applicable","data-reporting-layer","plant-head;production-manager;qa-qc-head;maintenance-head;automation-engineer;purchase-procurement;rd-technical-team;internal-operations","outreach-relevance","awareness;consideration;technical-evaluation;internal-operations","linkedin-outreach","report-template","Record pacing, replies, dialogue starts, and next-month adjustments.","Record pacing, replies, dialogue starts, and next-month adjustments.","not-applicable","monthly-reporting-pack","monthly","1","signed-primary","yes","high","specified","not-started","not-started","not-required","not-started","unassigned","FA-0168","activation/linkedin-outreach/README.md;activation/monthly-operating-system/README.md# Monthly Scope","asset-class-report;channel-linkedin-outreach;format-report-template;funnel-awareness;funnel-consideration;funnel-internal-operations;funnel-technical-evaluation;persona-automation-engineer;persona-internal-operations;persona-maintenance-head;persona-plant-head;persona-production-manager;persona-purchase-procurement;persona-qa-qc-head;persona-rd-technical-team;problem-outreach-relevance;product-family-cross-family;readiness-specified;recurrence-monthly;scope-signed-primary;solution-cross-family;stage-data-reporting-layer;validation-technical-not-required;workstream-linkedin-outreach","No additional note."
"FA-0183","FA-0168","Cold email outreach program","activation-series","email-sequence","cold-email","cross-family","cross-family","not-applicable","data-reporting-layer","plant-head;production-manager;qa-qc-head;maintenance-head;automation-engineer;purchase-procurement;rd-technical-team;internal-operations","outreach-relevance","awareness;consideration;technical-evaluation;internal-operations","cold-email","email-sequence","Operate the signed cold-email support layer up to the monthly cap.","Operate the signed cold-email support layer up to the monthly cap.","submit-technical-requirement","relevant-product-family","monthly","up-to-20000-sends","signed-primary","yes","critical","specified","not-started","not-started","pending-puretronics-validation","not-started","unassigned","FA-0168","activation/cold-email/README.md;activation/monthly-operating-system/README.md# Monthly Scope","asset-class-activation-series;channel-cold-email;commitment-cold-email-sends-monthly;format-email-sequence;funnel-awareness;funnel-consideration;funnel-internal-operations;funnel-technical-evaluation;persona-automation-engineer;persona-internal-operations;persona-maintenance-head;persona-plant-head;persona-production-manager;persona-purchase-procurement;persona-qa-qc-head;persona-rd-technical-team;problem-outreach-relevance;product-family-cross-family;readiness-specified;recurrence-monthly;scope-signed-primary;solution-cross-family;stage-data-reporting-layer;validation-technical-required;workstream-cold-email","No additional note."
"FA-0184","FA-0168","Core cold-email sequence template family","activation-series","email-sequence","cold-email","cross-family","cross-family","not-applicable","data-reporting-layer","plant-head;production-manager;qa-qc-head;maintenance-head;automation-engineer;purchase-procurement;rd-technical-team;internal-operations","outreach-relevance","awareness;consideration;technical-evaluation;internal-operations","cold-email","email-sequence","Provide the approved core sequence structure; exact step count remains to be defined.","Provide the approved core sequence structure; exact step count remains to be defined.","submit-technical-requirement","relevant-product-family","as-needed","1-template-family","signed-primary","yes","high","specified","decision-required","decision-required","pending-puretronics-validation","decision-required","unassigned","FA-0168","activation/cold-email/README.md;activation/monthly-operating-system/README.md# Monthly Scope","asset-class-activation-series;channel-cold-email;format-email-sequence;funnel-awareness;funnel-consideration;funnel-internal-operations;funnel-technical-evaluation;persona-automation-engineer;persona-internal-operations;persona-maintenance-head;persona-plant-head;persona-production-manager;persona-purchase-procurement;persona-qa-qc-head;persona-rd-technical-team;problem-outreach-relevance;product-family-cross-family;readiness-decision-required;recurrence-as-needed;scope-signed-primary;solution-cross-family;stage-data-reporting-layer;validation-technical-required;workstream-cold-email","The repository specifies core sequence setup but not the number of cold-email touches. Define before build; do not invent steps."
"FA-0185","FA-0168","Cold-email basic reply triage workflow","workflow","triage-workflow","cold-email","cross-family","cross-family","not-applicable","data-reporting-layer","plant-head;production-manager;qa-qc-head;maintenance-head;automation-engineer;purchase-procurement;rd-technical-team;internal-operations","outreach-relevance","awareness;consideration;technical-evaluation;internal-operations","cold-email","triage-workflow","Separate positive, technical, service, unsubscribe, bounce, and out-of-scope replies.","Separate positive, technical, service, unsubscribe, bounce, and out-of-scope replies.","not-applicable","lead-handoff-data-schema","continuous","1-workflow","signed-primary","yes","high","specified","not-applicable","not-started","not-required","not-started","unassigned","FA-0168","activation/cold-email/README.md;activation/monthly-operating-system/README.md# Monthly Scope","asset-class-workflow;channel-cold-email;format-triage-workflow;funnel-awareness;funnel-consideration;funnel-internal-operations;funnel-technical-evaluation;persona-automation-engineer;persona-internal-operations;persona-maintenance-head;persona-plant-head;persona-production-manager;persona-purchase-procurement;persona-qa-qc-head;persona-rd-technical-team;problem-outreach-relevance;product-family-cross-family;readiness-specified;recurrence-continuous;scope-signed-primary;solution-cross-family;stage-data-reporting-layer;validation-technical-not-required;workstream-cold-email","No additional note."
"FA-0186","FA-0168","Cold-email pacing, deliverability, and account-health checklist","operational-asset","qa-checklist","cold-email","cross-family","cross-family","not-applicable","data-reporting-layer","plant-head;production-manager;qa-qc-head;maintenance-head;automation-engineer;purchase-procurement;rd-technical-team;internal-operations","outreach-relevance","awareness;consideration;technical-evaluation;internal-operations","cold-email","qa-checklist","Protect deliverability and platform/account health.","Protect deliverability and platform/account health.","not-applicable","relevant-product-family","continuous","1-checklist","funnel-operational","yes","high","specified","not-applicable","not-started","not-required","not-started","unassigned","FA-0168","activation/cold-email/README.md;activation/monthly-operating-system/README.md# Monthly Scope","asset-class-operational-asset;channel-cold-email;format-qa-checklist;funnel-awareness;funnel-consideration;funnel-internal-operations;funnel-technical-evaluation;persona-automation-engineer;persona-internal-operations;persona-maintenance-head;persona-plant-head;persona-production-manager;persona-purchase-procurement;persona-qa-qc-head;persona-rd-technical-team;problem-outreach-relevance;product-family-cross-family;readiness-specified;recurrence-continuous;scope-funnel-operational;solution-cross-family;stage-data-reporting-layer;validation-technical-not-required;workstream-cold-email","No additional note."
"FA-0187","FA-0168","Cold-email CSV/manual lead handoff asset","operational-asset","handoff-schema","cold-email","cross-family","cross-family","not-applicable","data-reporting-layer","plant-head;production-manager;qa-qc-head;maintenance-head;automation-engineer;purchase-procurement;rd-technical-team;internal-operations","outreach-relevance","awareness;consideration;technical-evaluation;internal-operations","cold-email","handoff-schema","Transfer qualified replies with classification, owner, next action, and source.","Transfer qualified replies with classification, owner, next action, and source.","not-applicable","lead-handoff-data-schema","as-needed","1-template","signed-primary","yes","high","specified","not-applicable","not-started","not-required","not-started","unassigned","FA-0168","activation/cold-email/README.md;activation/monthly-operating-system/README.md# Monthly Scope","asset-class-operational-asset;channel-cold-email;format-handoff-schema;funnel-awareness;funnel-consideration;funnel-internal-operations;funnel-technical-evaluation;persona-automation-engineer;persona-internal-operations;persona-maintenance-head;persona-plant-head;persona-production-manager;persona-purchase-procurement;persona-qa-qc-head;persona-rd-technical-team;problem-outreach-relevance;product-family-cross-family;readiness-specified;recurrence-as-needed;scope-signed-primary;solution-cross-family;stage-data-reporting-layer;validation-technical-not-required;workstream-cold-email","No additional note."
"FA-0188","FA-0168","Cold-email monthly optimization and reporting asset","report","report-template","cold-email","cross-family","cross-family","not-applicable","data-reporting-layer","plant-head;production-manager;qa-qc-head;maintenance-head;automation-engineer;purchase-procurement;rd-technical-team;internal-operations","outreach-relevance","awareness;consideration;technical-evaluation;internal-operations","cold-email","report-template","Record sends, deliverability observations, replies, dialogue starts, and adjustments.","Record sends, deliverability observations, replies, dialogue starts, and adjustments.","not-applicable","monthly-reporting-pack","monthly","1","signed-primary","yes","high","specified","not-started","not-started","not-required","not-started","unassigned","FA-0168","activation/cold-email/README.md;activation/monthly-operating-system/README.md# Monthly Scope","asset-class-report;channel-cold-email;format-report-template;funnel-awareness;funnel-consideration;funnel-internal-operations;funnel-technical-evaluation;persona-automation-engineer;persona-internal-operations;persona-maintenance-head;persona-plant-head;persona-production-manager;persona-purchase-procurement;persona-qa-qc-head;persona-rd-technical-team;problem-outreach-relevance;product-family-cross-family;readiness-specified;recurrence-monthly;scope-signed-primary;solution-cross-family;stage-data-reporting-layer;validation-technical-not-required;workstream-cold-email","No additional note."
"FA-0189","FA-0168","Monthly activation closeout and next-month recommendation checklist","operational-asset","qa-checklist","operations","cross-family","cross-family","not-applicable","data-reporting-layer","plant-head;production-manager;qa-qc-head;maintenance-head;automation-engineer;purchase-procurement;rd-technical-team;internal-operations","delivery-accountability","awareness;consideration;technical-evaluation;internal-operations","internal-operations","qa-checklist","Close delivery counts, learning, routing issues, risks, approvals, and recommendations.","Close delivery counts, learning, routing issues, risks, approvals, and recommendations.","not-applicable","monthly-reporting-pack","monthly","1","signed-primary","yes","high","specified","not-applicable","not-started","not-required","not-started","unassigned","FA-0168","activation/monthly-operating-system/README.md# Monthly Closeout","asset-class-operational-asset;channel-internal-operations;format-qa-checklist;funnel-awareness;funnel-consideration;funnel-internal-operations;funnel-technical-evaluation;persona-automation-engineer;persona-internal-operations;persona-maintenance-head;persona-plant-head;persona-production-manager;persona-purchase-procurement;persona-qa-qc-head;persona-rd-technical-team;problem-delivery-accountability;product-family-cross-family;readiness-specified;recurrence-monthly;scope-signed-primary;solution-cross-family;stage-data-reporting-layer;validation-technical-not-required;workstream-operations","No additional note."
"FA-0190","","Scope change-request register","governance-asset","governance-record","governance","cross-family","cross-family","not-applicable","not-applicable","internal-operations;sales-engineer","scope-clarity","internal-operations","internal-operations","governance-record","Track written approvals for any scope, fee, timeline, product, page, campaign, integration, or deliverable expansion.","Track written approvals for any scope, fee, timeline, product, page, campaign, integration, or deliverable expansion.","not-applicable","implementation-and-operations","continuous","1","governance","yes","critical","specified","not-applicable","not-started","not-required","approved","unassigned","not-applicable","data/notion-export/raw-page-fetches/services-agreement-final-signature-copy.json# 8. Scope Control and Change Requests;docs/00-governance/exclusions-and-change-control.md","asset-class-governance-asset;channel-internal-operations;format-governance-record;funnel-internal-operations;persona-internal-operations;persona-sales-engineer;problem-scope-clarity;product-family-cross-family;readiness-specified;recurrence-continuous;scope-governance;solution-cross-family;stage-not-applicable;validation-technical-not-required;workstream-governance","No additional note."
"FA-0191","","Support-item treatment guardrail","governance-asset","governance-record","governance","cross-family","cross-family","not-applicable","not-applicable","internal-operations;sales-engineer","scope-clarity","internal-operations","internal-operations","governance-record","Prevent support items from becoming standalone deliverables.","Prevent support items from becoming standalone deliverables.","not-applicable","implementation-and-operations","continuous","1","governance","yes","critical","specified","not-applicable","not-started","not-required","approved","unassigned","not-applicable","data/notion-export/raw-page-fetches/services-agreement-final-signature-copy.json# 8. Scope Control and Change Requests;docs/00-governance/exclusions-and-change-control.md","asset-class-governance-asset;channel-internal-operations;format-governance-record;funnel-internal-operations;persona-internal-operations;persona-sales-engineer;problem-scope-clarity;product-family-cross-family;readiness-specified;recurrence-continuous;scope-governance;solution-cross-family;stage-not-applicable;validation-technical-not-required;workstream-governance","No additional note."
"FA-0192","","Puretronics technical validation register","operational-asset","governance-record","operations","cross-family","cross-family","not-applicable","not-applicable","internal-operations;sales-engineer","delivery-accountability","internal-operations","internal-operations","governance-record","Track product, performance, standards, compliance, diagram, and integration validation before publication.","Track product, performance, standards, compliance, diagram, and integration validation before publication.","not-applicable","implementation-and-operations","continuous","1","funnel-operational","yes","critical","specified","not-applicable","not-started","pending-puretronics-validation","not-started","unassigned","not-applicable","funnel-build/technical-library/proof-stack.md# Governance;data/notion-export/raw-page-fetches/services-agreement-final-signature-copy.json# 6. Client Responsibilities","asset-class-operational-asset;channel-internal-operations;format-governance-record;funnel-internal-operations;persona-internal-operations;persona-sales-engineer;problem-delivery-accountability;product-family-cross-family;readiness-specified;recurrence-continuous;scope-funnel-operational;solution-cross-family;stage-not-applicable;validation-technical-required;workstream-operations","No additional note."
"FA-0193","","Seven-business-day content and deliverable approval workflow","workflow","governance-record","operations","cross-family","cross-family","not-applicable","not-applicable","internal-operations;sales-engineer","delivery-accountability","internal-operations","internal-operations","governance-record","Submit drafts, collect consolidated feedback, record approval, and manage delay impacts.","Submit drafts, collect consolidated feedback, record approval, and manage delay impacts.","not-applicable","implementation-and-operations","as-needed","1","funnel-operational","yes","high","specified","not-applicable","not-started","not-required","not-started","unassigned","not-applicable","data/notion-export/raw-page-fetches/services-agreement-final-signature-copy.json# 7. Review and Approval","asset-class-workflow;channel-internal-operations;format-governance-record;funnel-internal-operations;persona-internal-operations;persona-sales-engineer;problem-delivery-accountability;product-family-cross-family;readiness-specified;recurrence-as-needed;scope-funnel-operational;solution-cross-family;stage-not-applicable;validation-technical-not-required;workstream-operations","No additional note."
"FA-0194","","Client inputs, access, brand, and technical-material checklist","operational-asset","checklist","operations","cross-family","cross-family","not-applicable","not-applicable","internal-operations;sales-engineer","delivery-accountability","internal-operations","internal-operations","checklist","Track required client information, brand assets, access, and stakeholder availability.","Track required client information, brand assets, access, and stakeholder availability.","not-applicable","implementation-and-operations","as-needed","1","funnel-operational","yes","high","specified","not-applicable","not-started","not-required","not-started","unassigned","not-applicable","data/notion-export/raw-page-fetches/services-agreement-final-signature-copy.json# 6. Client Responsibilities","asset-class-operational-asset;channel-internal-operations;format-checklist;funnel-internal-operations;persona-internal-operations;persona-sales-engineer;problem-delivery-accountability;product-family-cross-family;readiness-specified;recurrence-as-needed;scope-funnel-operational;solution-cross-family;stage-not-applicable;validation-technical-not-required;workstream-operations","No additional note."
"FA-0195","","Funnel integration and destination decision register","integration-asset","integration-spec","integrations","cross-family","cross-family","not-applicable","data-reporting-layer","internal-operations;sales-engineer","integration-requirement","internal-operations","internal-operations","integration-spec","Record the approved hosting, form endpoint, CRM or handoff destination, analytics, email, and access choices.","Record the approved hosting, form endpoint, CRM or handoff destination, analytics, email, and access choices.","not-applicable","implementation-and-operations","one-time","1","approval-required","decision-required","critical","specified","not-applicable","decision-required","not-required","decision-required","unassigned","FA-0149","data/notion-export/raw-page-fetches/services-agreement-final-signature-copy.json# 9. Third-Party Tools and Platforms;funnel-build/forms-and-routing/adaptive-requirement-form-routing.md# Handoff Fields","asset-class-integration-asset;channel-internal-operations;format-integration-spec;funnel-internal-operations;persona-internal-operations;persona-sales-engineer;problem-integration-requirement;product-family-cross-family;readiness-decision-required;recurrence-one-time;scope-approval-required;solution-cross-family;stage-data-reporting-layer;validation-technical-not-required;workstream-integrations","No additional note."
"FA-0196","","Form submission payload and webhook specification","integration-asset","integration-spec","integrations","cross-family","cross-family","not-applicable","data-reporting-layer","internal-operations;sales-engineer","integration-requirement","internal-operations","internal-operations","integration-spec","Define validated submission fields, identifiers, timestamps, source, classification, and retry/error behavior.","Define validated submission fields, identifiers, timestamps, source, classification, and retry/error behavior.","not-applicable","implementation-and-operations","one-time","1","funnel-operational","yes","critical","specified","not-applicable","not-started","not-required","not-started","unassigned","FA-0149","funnel-build/forms-and-routing/adaptive-requirement-form-routing.md# Handoff Fields","asset-class-integration-asset;channel-internal-operations;format-integration-spec;funnel-internal-operations;persona-internal-operations;persona-sales-engineer;problem-integration-requirement;product-family-cross-family;readiness-specified;recurrence-one-time;scope-funnel-operational;solution-cross-family;stage-data-reporting-layer;validation-technical-not-required;workstream-integrations","No additional note."
"FA-0197","","CRM or lead-destination field mapping","integration-asset","integration-spec","integrations","cross-family","cross-family","not-applicable","data-reporting-layer","internal-operations;sales-engineer","integration-requirement","internal-operations","internal-operations","integration-spec","Map the handoff schema into the approved CRM or manual destination without assuming a platform.","Map the handoff schema into the approved CRM or manual destination without assuming a platform.","not-applicable","implementation-and-operations","one-time","1","approval-required","decision-required","critical","specified","not-applicable","decision-required","not-required","decision-required","unassigned","FA-0149","funnel-build/forms-and-routing/adaptive-requirement-form-routing.md# Handoff Fields;funnel-build/dashboard-and-reporting/dashboard-reporting-model.md# Dashboard Views","asset-class-integration-asset;channel-internal-operations;format-integration-spec;funnel-internal-operations;persona-internal-operations;persona-sales-engineer;problem-integration-requirement;product-family-cross-family;readiness-decision-required;recurrence-one-time;scope-approval-required;solution-cross-family;stage-data-reporting-layer;validation-technical-not-required;workstream-integrations","No additional note."
"FA-0198","","Funnel analytics event and conversion specification","integration-asset","integration-spec","integrations","cross-family","cross-family","not-applicable","data-reporting-layer","internal-operations;sales-engineer","integration-requirement","internal-operations","internal-operations","integration-spec","Define view, navigation, proof, CTA, form, submit, and routing events for reporting.","Define view, navigation, proof, CTA, form, submit, and routing events for reporting.","not-applicable","implementation-and-operations","one-time","1","funnel-operational","yes","high","specified","not-applicable","not-started","not-required","not-started","unassigned","FA-0149","funnel-build/dashboard-and-reporting/dashboard-reporting-model.md# Acceptance Criteria;funnel-build/page-specs/wire-cable-industry-landing-page.md# CTA Model","asset-class-integration-asset;channel-internal-operations;format-integration-spec;funnel-internal-operations;persona-internal-operations;persona-sales-engineer;problem-integration-requirement;product-family-cross-family;readiness-specified;recurrence-one-time;scope-funnel-operational;solution-cross-family;stage-data-reporting-layer;validation-technical-not-required;workstream-integrations","No additional note."
"FA-0199","","Campaign source and attribution parameter model","integration-asset","data-model","integrations","cross-family","cross-family","not-applicable","data-reporting-layer","internal-operations;sales-engineer","integration-requirement","internal-operations","internal-operations","data-model","Preserve LinkedIn, cold-email, direct, referral, and technical-content source context through form and reporting.","Preserve LinkedIn, cold-email, direct, referral, and technical-content source context through form and reporting.","not-applicable","implementation-and-operations","continuous","1","funnel-operational","yes","high","specified","not-applicable","not-started","not-required","not-started","unassigned","FA-0149","data/notion-export/raw-page-fetches/internal-copy-annexure-a-funnel-architecture.json# 15. Activation Interface;funnel-build/dashboard-and-reporting/dashboard-reporting-model.md# Dashboard Views","asset-class-integration-asset;channel-internal-operations;format-data-model;funnel-internal-operations;persona-internal-operations;persona-sales-engineer;problem-integration-requirement;product-family-cross-family;readiness-specified;recurrence-continuous;scope-funnel-operational;solution-cross-family;stage-data-reporting-layer;validation-technical-not-required;workstream-integrations","No additional note."
"FA-0200","","Consent, privacy notice, and campaign-data handling note","governance-asset","governance-record","governance","cross-family","cross-family","not-applicable","not-applicable","internal-operations;sales-engineer","scope-clarity","internal-operations","internal-operations","governance-record","Document the approved operating notice and data-handling responsibilities without providing legal advisory.","Document the approved operating notice and data-handling responsibilities without providing legal advisory.","not-applicable","implementation-and-operations","one-time","1","approval-required","decision-required","critical","specified","not-applicable","decision-required","not-required","decision-required","unassigned","not-applicable","data/notion-export/raw-page-fetches/services-agreement-final-signature-copy.json# 12. Confidentiality and Data Handling;funnel-build/forms-and-routing/adaptive-requirement-form-routing.md# Required Core Fields","asset-class-governance-asset;channel-internal-operations;format-governance-record;funnel-internal-operations;persona-internal-operations;persona-sales-engineer;problem-scope-clarity;product-family-cross-family;readiness-decision-required;recurrence-one-time;scope-approval-required;solution-cross-family;stage-not-applicable;validation-technical-not-required;workstream-governance","No additional note."
"FA-0201","","Buyer-facing content and source-traceability QA checklist","qa-asset","qa-checklist","qa-and-deployment","cross-family","cross-family","not-applicable","data-reporting-layer","internal-operations;sales-engineer","production-readiness","internal-operations","internal-operations","qa-checklist","Verify claims, sources, CTAs, scope language, and proof references.","Verify claims, sources, CTAs, scope language, and proof references.","not-applicable","implementation-and-operations","per-release","1","funnel-operational","yes","critical","specified","not-applicable","not-started","not-required","not-started","unassigned","FA-0063;FA-0120;FA-0152","funnel-build/qa-checklists/final-alignment-audit.md;funnel-build/technical-library/proof-stack.md# Acceptance Criteria","asset-class-qa-asset;channel-internal-operations;format-qa-checklist;funnel-internal-operations;persona-internal-operations;persona-sales-engineer;problem-production-readiness;product-family-cross-family;readiness-specified;recurrence-per-release;scope-funnel-operational;solution-cross-family;stage-data-reporting-layer;validation-technical-not-required;workstream-qa-and-deployment","No additional note."
"FA-0202","","Signed product and Product Master coverage QA matrix","qa-asset","qa-checklist","qa-and-deployment","cross-family","cross-family","not-applicable","data-reporting-layer","internal-operations;sales-engineer","production-readiness","internal-operations","internal-operations","qa-checklist","Verify all 38 Product Master rows map to a funnel or proof context and all 32 signed primary variants are covered.","Verify all 38 Product Master rows map to a funnel or proof context and all 32 signed primary variants are covered.","not-applicable","implementation-and-operations","per-release","1","funnel-operational","yes","critical","specified","not-applicable","not-started","not-required","not-started","unassigned","FA-0063;FA-0120;FA-0152","data/product-master/rows.json;data/product-master/signed-scope-checklist.json","asset-class-qa-asset;channel-internal-operations;format-qa-checklist;funnel-internal-operations;persona-internal-operations;persona-sales-engineer;problem-production-readiness;product-family-cross-family;readiness-specified;recurrence-per-release;scope-funnel-operational;solution-cross-family;stage-data-reporting-layer;validation-technical-not-required;workstream-qa-and-deployment","No additional note."
"FA-0203","","Support-item and excluded-deliverable QA matrix","qa-asset","qa-checklist","qa-and-deployment","cross-family","cross-family","not-applicable","data-reporting-layer","internal-operations;sales-engineer","production-readiness","internal-operations","internal-operations","qa-checklist","Verify six support items remain contextual and excluded deliverables are absent.","Verify six support items remain contextual and excluded deliverables are absent.","not-applicable","implementation-and-operations","per-release","1","governance","yes","critical","specified","not-applicable","not-started","not-required","not-started","unassigned","FA-0063;FA-0120;FA-0152","data/notion-export/raw-page-fetches/services-agreement-final-signature-copy.json# 8. Scope Control and Change Requests;docs/00-governance/exclusions-and-change-control.md","asset-class-qa-asset;channel-internal-operations;format-qa-checklist;funnel-internal-operations;persona-internal-operations;persona-sales-engineer;problem-production-readiness;product-family-cross-family;readiness-specified;recurrence-per-release;scope-governance;solution-cross-family;stage-data-reporting-layer;validation-technical-not-required;workstream-qa-and-deployment","No additional note."
"FA-0204","","Adaptive form entry-path and branch test matrix","qa-asset","qa-checklist","qa-and-deployment","cross-family","cross-family","not-applicable","data-reporting-layer","internal-operations;sales-engineer","production-readiness","internal-operations","internal-operations","qa-checklist","Test four entry paths, major branches, required-field behavior, progressive disclosure, and errors.","Test four entry paths, major branches, required-field behavior, progressive disclosure, and errors.","not-applicable","implementation-and-operations","per-release","1","funnel-operational","yes","critical","specified","not-applicable","not-started","not-required","not-started","unassigned","FA-0063;FA-0120;FA-0152","funnel-build/forms-and-routing/adaptive-requirement-form-routing.md","asset-class-qa-asset;channel-internal-operations;format-qa-checklist;funnel-internal-operations;persona-internal-operations;persona-sales-engineer;problem-production-readiness;product-family-cross-family;readiness-specified;recurrence-per-release;scope-funnel-operational;solution-cross-family;stage-data-reporting-layer;validation-technical-not-required;workstream-qa-and-deployment","No additional note."
"FA-0205","","Lead classification, routing, and handoff test matrix","qa-asset","qa-checklist","qa-and-deployment","cross-family","cross-family","not-applicable","data-reporting-layer","internal-operations;sales-engineer","production-readiness","internal-operations","internal-operations","qa-checklist","Test every classification, solution route, service bypass, scope gate, owner, and handoff field.","Test every classification, solution route, service bypass, scope gate, owner, and handoff field.","not-applicable","implementation-and-operations","per-release","1","funnel-operational","yes","critical","specified","not-applicable","not-started","not-required","not-started","unassigned","FA-0063;FA-0120;FA-0152","funnel-build/forms-and-routing/adaptive-requirement-form-routing.md# Acceptance Criteria","asset-class-qa-asset;channel-internal-operations;format-qa-checklist;funnel-internal-operations;persona-internal-operations;persona-sales-engineer;problem-production-readiness;product-family-cross-family;readiness-specified;recurrence-per-release;scope-funnel-operational;solution-cross-family;stage-data-reporting-layer;validation-technical-not-required;workstream-qa-and-deployment","No additional note."
"FA-0206","","Dashboard and monthly reporting reconciliation checklist","qa-asset","qa-checklist","qa-and-deployment","cross-family","cross-family","not-applicable","data-reporting-layer","internal-operations;sales-engineer","production-readiness","internal-operations","internal-operations","qa-checklist","Reconcile form, routing, activation, and monthly reporting definitions.","Reconcile form, routing, activation, and monthly reporting definitions.","not-applicable","implementation-and-operations","monthly","1","funnel-operational","yes","high","specified","not-applicable","not-started","not-required","not-started","unassigned","FA-0063;FA-0120;FA-0152","funnel-build/dashboard-and-reporting/dashboard-reporting-model.md# Acceptance Criteria","asset-class-qa-asset;channel-internal-operations;format-qa-checklist;funnel-internal-operations;persona-internal-operations;persona-sales-engineer;problem-production-readiness;product-family-cross-family;readiness-specified;recurrence-monthly;scope-funnel-operational;solution-cross-family;stage-data-reporting-layer;validation-technical-not-required;workstream-qa-and-deployment","No additional note."
"FA-0207","","Responsive, accessibility, browser, and interaction QA checklist","qa-asset","qa-checklist","qa-and-deployment","cross-family","cross-family","not-applicable","data-reporting-layer","internal-operations;sales-engineer","production-readiness","internal-operations","internal-operations","qa-checklist","Verify production readiness of the approved website experience.","Verify production readiness of the approved website experience.","not-applicable","implementation-and-operations","per-release","1","funnel-operational","yes","high","specified","not-applicable","not-started","not-required","not-started","unassigned","FA-0063;FA-0120;FA-0152","funnel-build/page-specs/wire-cable-industry-landing-page.md# Acceptance Criteria","asset-class-qa-asset;channel-internal-operations;format-qa-checklist;funnel-internal-operations;persona-internal-operations;persona-sales-engineer;problem-production-readiness;product-family-cross-family;readiness-specified;recurrence-per-release;scope-funnel-operational;solution-cross-family;stage-data-reporting-layer;validation-technical-not-required;workstream-qa-and-deployment","No additional note."
"FA-0208","","Form, analytics, CRM/handoff, and error-path integration test matrix","qa-asset","qa-checklist","qa-and-deployment","cross-family","cross-family","not-applicable","data-reporting-layer","internal-operations;sales-engineer","production-readiness","internal-operations","internal-operations","qa-checklist","Verify submissions, attribution, retries, duplicates, dashboards, and manual fallback.","Verify submissions, attribution, retries, duplicates, dashboards, and manual fallback.","not-applicable","implementation-and-operations","per-release","1","funnel-operational","yes","critical","specified","not-applicable","not-started","not-required","not-started","unassigned","FA-0063;FA-0120;FA-0152","funnel-build/forms-and-routing/adaptive-requirement-form-routing.md# Handoff Fields;funnel-build/dashboard-and-reporting/dashboard-reporting-model.md# Acceptance Criteria","asset-class-qa-asset;channel-internal-operations;format-qa-checklist;funnel-internal-operations;persona-internal-operations;persona-sales-engineer;problem-production-readiness;product-family-cross-family;readiness-specified;recurrence-per-release;scope-funnel-operational;solution-cross-family;stage-data-reporting-layer;validation-technical-not-required;workstream-qa-and-deployment","No additional note."
"FA-0209","","Production deployment and release runbook","operational-asset","deployment-runbook","qa-and-deployment","cross-family","cross-family","not-applicable","data-reporting-layer","internal-operations;sales-engineer","production-readiness","internal-operations","internal-operations","deployment-runbook","Document environment, configuration, validation, release, monitoring, rollback, and ownership.","Document environment, configuration, validation, release, monitoring, rollback, and ownership.","not-applicable","implementation-and-operations","per-release","1","funnel-operational","yes","critical","specified","not-applicable","not-started","not-required","not-started","unassigned","FA-0063;FA-0120;FA-0152","project-ops/roadmap.md;funnel-build/qa-checklists/final-alignment-audit.md","asset-class-operational-asset;channel-internal-operations;format-deployment-runbook;funnel-internal-operations;persona-internal-operations;persona-sales-engineer;problem-production-readiness;product-family-cross-family;readiness-specified;recurrence-per-release;scope-funnel-operational;solution-cross-family;stage-data-reporting-layer;validation-technical-not-required;workstream-qa-and-deployment","No additional note."
"FA-0210","","Production rollback and incident-response runbook","operational-asset","deployment-runbook","qa-and-deployment","cross-family","cross-family","not-applicable","data-reporting-layer","internal-operations;sales-engineer","production-readiness","internal-operations","internal-operations","deployment-runbook","Provide a controlled recovery path for website, form, routing, or integration defects.","Provide a controlled recovery path for website, form, routing, or integration defects.","not-applicable","implementation-and-operations","per-release","1","funnel-operational","yes","high","specified","not-applicable","not-started","not-required","not-started","unassigned","FA-0063;FA-0120;FA-0152","project-ops/roadmap.md;funnel-build/qa-checklists/final-alignment-audit.md","asset-class-operational-asset;channel-internal-operations;format-deployment-runbook;funnel-internal-operations;persona-internal-operations;persona-sales-engineer;problem-production-readiness;product-family-cross-family;readiness-specified;recurrence-per-release;scope-funnel-operational;solution-cross-family;stage-data-reporting-layer;validation-technical-not-required;workstream-qa-and-deployment","No additional note."
"FA-0211","FA-0067","Tension / Braking / Line Control Product Family experience","module","product-family-experience","website-experience","tension-braking-line-control","tension-braking-line-control","Wire Tension Indicator WTI-90-40;Wire Tension Indicator WTI-100-40;LTC-PRO Web Tension Controller;Loadcell AR-85 Series;Loadcell AR-118 Series;Loadcell AR-125 Series;Loadcell AR-ST Series;Loadcell LC-AR-60 Series;Loadcell LC-AR-HD Series;AX-250 Pneumatic Brake;AX-400 Pneumatic Brake;AX-500 Pneumatic Brake","pay-off-unwind;tension-braking-control;rewinding-coiling","plant-head;production-manager;maintenance-head;automation-engineer;oem-integrator","tension-instability;braking-control;line-stability","consideration;technical-evaluation;conversion","website","product-family-experience","Provide the grouped Tension / Braking / Line Control buyer experience.","Connect tension, braking, load measurement, control, proof, and requirement capture without model-level page expansion.","share-tension-braking-requirement","adaptive-requirement-form","one-time","1","signed-primary","yes","critical","specified","not-started","not-started","pending-puretronics-validation","not-started","unassigned","FA-0063;FA-0067","funnel-build/page-specs/five-product-families.md;docs/01-funnel-architecture/annexure-a-funnel-architecture.md# Five Product Families","asset-class-module;channel-website;format-product-family-experience;funnel-consideration;funnel-conversion;funnel-technical-evaluation;persona-automation-engineer;persona-maintenance-head;persona-oem-integrator;persona-plant-head;persona-production-manager;problem-braking-control;problem-line-stability;problem-tension-instability;product-family-tension-braking-line-control;product-model-ax-250-pneumatic-brake;product-model-ax-400-pneumatic-brake;product-model-ax-500-pneumatic-brake;product-model-loadcell-ar-118-series;product-model-loadcell-ar-125-series;product-model-loadcell-ar-85-series;product-model-loadcell-ar-st-series;product-model-loadcell-lc-ar-60-series;product-model-loadcell-lc-ar-hd-series;product-model-ltc-pro-web-tension-controller;product-model-wire-tension-indicator-wti-100-40;product-model-wire-tension-indicator-wti-90-40;readiness-specified;recurrence-one-time;scope-signed-primary;solution-tension-braking-line-control;stage-pay-off-unwind;stage-rewinding-coiling;stage-tension-braking-control;validation-technical-required;workstream-website-experience","No additional note."
"FA-0212","FA-0011","LASER 2000 Series nested raw source page","source-asset","source-record","source-intelligence","inline-measurement-dimensional-control","inline-measurement-dimensional-control","not-applicable","online-measurement","internal-operations","not-applicable","internal-operations","internal-operations","reference-record","Preserve an existing source asset with implementation traceability.","Existing source input; not a new buyer-facing deliverable.","not-applicable","master-implementation-backlog","not-applicable","1","signed-primary","no","high","approved","not-applicable","not-applicable","pending-puretronics-validation","not-applicable","unassigned","not-applicable","data/notion-export/taxonomy-migration/2026-07-30/pre-migration/nested-laser-2000-series.json","asset-class-source-asset;channel-internal-operations;format-reference-record;funnel-internal-operations;persona-internal-operations;problem-not-applicable;product-family-inline-measurement-dimensional-control;readiness-approved;recurrence-not-applicable;scope-signed-primary;solution-inline-measurement-dimensional-control;stage-online-measurement;validation-technical-required;workstream-source-intelligence","Immutable nested historical/source evidence. Classification is supplied by Product Master and taxonomy governance; source body must remain unchanged."
"FA-0213","FA-0011","Laser Diameter Gauge nested raw source page","source-asset","source-record","source-intelligence","inline-measurement-dimensional-control","inline-measurement-dimensional-control","not-applicable","online-measurement","internal-operations","not-applicable","internal-operations","internal-operations","reference-record","Preserve an existing source asset with implementation traceability.","Existing source input; not a new buyer-facing deliverable.","not-applicable","master-implementation-backlog","not-applicable","1","signed-primary","no","high","approved","not-applicable","not-applicable","pending-puretronics-validation","not-applicable","unassigned","not-applicable","data/notion-export/taxonomy-migration/2026-07-30/pre-migration/nested-laser-diameter-gauge.json","asset-class-source-asset;channel-internal-operations;format-reference-record;funnel-internal-operations;persona-internal-operations;problem-not-applicable;product-family-inline-measurement-dimensional-control;readiness-approved;recurrence-not-applicable;scope-signed-primary;solution-inline-measurement-dimensional-control;stage-online-measurement;validation-technical-required;workstream-source-intelligence","Immutable nested historical/source evidence. Classification is supplied by Product Master and taxonomy governance; source body must remain unchanged."
"FA-0214","FA-0011","LASER-2000H Series nested raw source page","source-asset","source-record","source-intelligence","inline-measurement-dimensional-control","inline-measurement-dimensional-control","not-applicable","online-measurement","internal-operations","not-applicable","internal-operations","internal-operations","reference-record","Preserve an existing source asset with implementation traceability.","Existing source input; not a new buyer-facing deliverable.","not-applicable","master-implementation-backlog","not-applicable","1","signed-primary","no","high","approved","not-applicable","not-applicable","pending-puretronics-validation","not-applicable","unassigned","not-applicable","data/notion-export/taxonomy-migration/2026-07-30/pre-migration/nested-laser-2000h-series.json","asset-class-source-asset;channel-internal-operations;format-reference-record;funnel-internal-operations;persona-internal-operations;problem-not-applicable;product-family-inline-measurement-dimensional-control;readiness-approved;recurrence-not-applicable;scope-signed-primary;solution-inline-measurement-dimensional-control;stage-online-measurement;validation-technical-required;workstream-source-intelligence","Immutable nested historical/source evidence. Classification is supplied by Product Master and taxonomy governance; source body must remain unchanged."
"FA-0215","FA-0012","LSP Series Catalogue nested raw source page","source-asset","source-record","source-intelligence","process-equipment-line-auxiliaries","process-equipment-line-auxiliaries","not-applicable","powdering-talc-application","internal-operations","not-applicable","internal-operations","internal-operations","reference-record","Preserve an existing source asset with implementation traceability.","Existing source input; not a new buyer-facing deliverable.","not-applicable","master-implementation-backlog","not-applicable","1","signed-primary","no","high","approved","not-applicable","not-applicable","pending-puretronics-validation","not-applicable","unassigned","not-applicable","data/notion-export/taxonomy-migration/2026-07-30/pre-migration/nested-lsp-series-catalogue.json","asset-class-source-asset;channel-internal-operations;format-reference-record;funnel-internal-operations;persona-internal-operations;problem-not-applicable;product-family-process-equipment-line-auxiliaries;readiness-approved;recurrence-not-applicable;scope-signed-primary;solution-process-equipment-line-auxiliaries;stage-powdering-talc-application;validation-technical-required;workstream-source-intelligence","Immutable nested historical/source evidence. Classification is supplied by Product Master and taxonomy governance; source body must remain unchanged."
"FA-0216","FA-0012","Static Powder Applicator Key Features nested raw source page","source-asset","source-record","source-intelligence","process-equipment-line-auxiliaries","process-equipment-line-auxiliaries","not-applicable","powdering-talc-application","internal-operations","not-applicable","internal-operations","internal-operations","reference-record","Preserve an existing source asset with implementation traceability.","Existing source input; not a new buyer-facing deliverable.","not-applicable","master-implementation-backlog","not-applicable","1","signed-primary","no","high","approved","not-applicable","not-applicable","pending-puretronics-validation","not-applicable","unassigned","not-applicable","data/notion-export/taxonomy-migration/2026-07-30/pre-migration/nested-static-powder-key-features.json","asset-class-source-asset;channel-internal-operations;format-reference-record;funnel-internal-operations;persona-internal-operations;problem-not-applicable;product-family-process-equipment-line-auxiliaries;readiness-approved;recurrence-not-applicable;scope-signed-primary;solution-process-equipment-line-auxiliaries;stage-powdering-talc-application;validation-technical-required;workstream-source-intelligence","Immutable nested historical/source evidence. Classification is supplied by Product Master and taxonomy governance; source body must remain unchanged."
"FA-0217","","Puretronics Wire & Cable Taxonomy Governance authority","source-asset","source-record","governance","not-applicable","not-applicable","not-applicable","not-applicable","internal-operations","not-applicable","internal-operations","internal-operations","reference-record","Preserve an existing source asset with implementation traceability.","Existing source input; not a new buyer-facing deliverable.","not-applicable","master-implementation-backlog","not-applicable","1","governance","yes","critical","approved","not-applicable","not-applicable","not-required","not-applicable","unassigned","not-applicable","docs/00-governance/product-taxonomy-governance.md;data/notion-export/taxonomy-migration/2026-07-30/post-cutover/taxonomy-governance.json","asset-class-source-asset;channel-internal-operations;format-reference-record;funnel-internal-operations;persona-internal-operations;problem-not-applicable;product-family-not-applicable;readiness-approved;recurrence-not-applicable;scope-governance;solution-not-applicable;stage-not-applicable;validation-technical-not-required;workstream-governance","Approved canonical classification authority below the Signed Agreement; live Notion page and repository mirror. Taxonomy owner and operational steward: Vaibhav Kuvadia + Codex."
